ID_FOR_CHECK,Phenotype,Authors,Year,Pubmed Id,C57BL/6J,DBA/2J,BXD1,BXD2,BXD5,BXD6,BXD8,BXD9,BXD11,BXD12,BXD13,BXD14,BXD15,BXD16,BXD18,BXD19,BXD20,BXD21,BXD22,BXD23,BXD24,BXD25,BXD27,BXD28,BXD29,BXD30,BXD31,BXD32,BXD33,BXD34,BXD35,BXD36,BXD37,BXD38,BXD39,BXD40,BXD41,BXD42,BXD43,BXD44,BXD45,BXD48,BXD49,BXD50,BXD51,BXD52,BXD53,BXD54,BXD55,BXD56,BXD59,BXD60,BXD61,BXD62,BXD63,BXD64,BXD65,BXD66,BXD67,BXD68,BXD69,BXD70,BXD71,BXD72,BXD73,BXD74,BXD75,BXD76,BXD77,BXD78,BXD79,BXD80,BXD81,BXD83,BXD84,BXD85,BXD86,BXD87,BXD88,BXD89,BXD90,BXD91,BXD92,BXD93,BXD94,BXD95,BXD96,BXD97,BXD98,BXD99,BXD100,BXD101,BXD102,BXD103
2843,"Central nervous system, morphology: Cerebellum residual weight, repeat measurement prior to dissection, statistically adjusted for variation in sex, age, and body weight [residual mg]","Lu L, Williams RW",2011,,4.59,-2.9,5.57,-5.14,8.17,-2.32,2.84,-1.34,-0.61,-6.15,-5.41,-4.34,-6.4,-0.66,-0.77,-2.34,-2.83,-5.44,0.99,-2.51,-2.63,-0.64,-4.25,-1.75,-2.89,2.27,-4.52,-1.37,-0.99,-0.8,-1.7,-7.83,5.68,-2.56,0.56,-0.6,,5.18,2.98,2.51,11.06,4.82,,-0.1,1.44,,,,1.94,-3.25,,-0.42,6.88,3.48,,,-0.73,-2.55,,,8.69,1.47,,,0.65,,1.38,,1.42,,,-4.63,,6.38,,-0.76,5.89,-3.71,,-3.13,-1.93,,-0.59,,,,-0.39,0.15,0.89,2.15,3.75,,,
1973,"Central nervous system, morphology: Hippocampus mossy fiber pathway volume, hilus [mm^3]","Krebs J, RÃ¶mer D, Overall RW, Fabel K. Babu H, Brandt M, Williams RW, Jessberger S, Kempermann G",2011,,0.125,0.09,0.119,0.093,0.135,0.108,,0.16,0.118,0.084,,0.089,0.08,0.133,0.145,0.132,,0.099,0.105,,0.066,0.064,0.071,0.065,0.07,0.084,0.089,0.1,0.099,0.086,0.161,,,0.114,0.154,0.129,,0.112,,,,,,,,,,,,,,,,,,,,,,,,,,,,,,,,,,,,,,,,,,,,,,,,,,,,,,,,
1946,"Endocrinology, neuroendocrine system, morphology: Adrenal medulla width [um]",Di Curzio D and Goldowitz D,2011,21347846,412.943,483.102,515.23,494.848,,521.594,495.626,581.21,468.108,438.298,487.31,434.655,598.22,480.206,521.697,438.71,558.266,513.968,,,565.082,,570.283,532.404,468.265,,507.998,540.992,573.686,548.203,,561.391,,539.905,467.68,463.9,,386.56,578.511,441.6,508.538,648.043,,617.78,580.872,,,,556.5,505.992,,510.964,508.153,455.473,679.543,,463.316,521.813,465.079,516.774,481.956,520.116,546.377,,547.937,,483.283,,462.19,,,533.548,,527.298,525.518,532.253,540.114,542.875,,562.655,591.617,,500.007,,,,541.68,459.975,589.127,586.995,593.204,,,
914,"Endocrinology, neuroendocrine system, morphology: Adrenal medulla width for females [um]
",Di Curzio D and Goldowitz D,2011,21347846,402.226,523.907,450.785,490.49,,601.115,449.645,581.748,414.77,404.61,445.335,412.065,568.498,428.64,461.643,435.34,622.83,528.365,,,521.165,,541.238,461.57,,,489.12,516.865,458.63,500.303,,564.64,,534.47,441.085,431.635,,348.738,602.81,416.12,633.32,615.518,,634.253,582.92,,,,548.745,516.257,,538.163,536.015,338.857,646.415,,453.62,509.543,413.488,471.13,475.643,522.077,500.737,,527.333,,483.71,,390.2,,,530.51,,501.56,517.29,517.88,534.32,486.16,,457.99,551.22,,485.913,,,,556.897,429.613,605.425,533.785,601.36,,,
915,"Endocrinology, neuroendocrine system, morphology: Adrenal medulla width for males [um]
",Di Curzio D and Goldowitz D,2011,21347846,426.34,434.136,579.675,497.753,,511.878,526.28,580.493,,471.985,529.285,457.245,657.665,514.583,593.267,443.765,509.843,,,,587.04,,599.963,633.815,483.573,,597.365,565.12,650.39,596.103,,552.727,,542.623,485.41,488.157,,462.205,554.213,458.587,383.755,664.306,,605.425,576.775,,,,560.378,490.595,,570.082,567.2,531.377,712.67,,476.243,534.083,516.67,547.203,469.353,518.645,592.017,,593.765,,482.713,,510.183,,,538.105,,565.905,533.747,539.44,548.805,599.59,,667.32,632.015,,528.195,,,,518.855,490.337,634.35,640.205,580.97,,,
938,"Endocrinology, neuroendocrine system, morphology: Adrenal total weight for females [mg]
",Di Curzio D and Goldowitz D,2011,21347846,2.18,2.3,2.013,2.5,,2.788,2.3,2.388,3.1,2.263,2.563,2.213,2.438,3.063,2.843,1.863,2.525,2.238,,,2.2,,2.3,3.433,2.15,,2.3,3.525,2.65,2.8,,2.325,,2.9,2.575,2,,2.456,2.3,1.563,2.388,2.663,,2.55,2.75,,,,1.95,2.738,,2.433,2.25,3.113,2.538,,2.488,2.7,2.35,2.763,3.1,2.338,1.688,,2.108,,2.263,,2.025,,,1.825,,2.4,2.638,2.5,1.9,2.688,,2.238,2.125,,2.863,,,,2.313,2.563,2.55,2.4,2.488,,,
939,"Endocrinology, neuroendocrine system, morphology: Adrenal total weight for males [mg]
",Di Curzio D and Goldowitz D,2011,21347846,1.388,1.91,1.725,1.475,,2.125,1.788,1.5,1.95,2.113,1.613,1.913,1.85,2.363,1.814,1.525,1.875,1.975,,,1.725,,1.771,2.317,1.625,,1.95,1.788,1.688,2.163,,1.713,,1.775,2.063,1.575,,1.519,1.663,1.45,1.513,1.869,,1.5,1.8,,,,1.2,1.588,,1.78,1.617,1.983,1.625,,1.575,1.575,1.488,1.813,1.717,1.463,1.4,,1.55,,1.55,,1.59,,,1.538,,1.675,1.713,1.663,1.463,1.688,,1.75,1.538,,1.513,,,,2.038,1.55,1.663,1.738,1.95,,,
917,"Endocrinology, neuroendocrine system, morphology: Adrenal width (total) for females [um]
",Di Curzio D and Goldowitz D,2011,21347846,1178.02,1185.5,1135.51,1253.38,,1461.82,1064.81,1271.12,1306.77,1067.68,1279.95,1037.69,1214.73,1409.33,1325.71,1076.3,1395.26,1245.78,,,1247.53,,1271.53,1449.89,,,1235.49,1411.22,1217.19,1203.64,,1289.41,,1330,1303.38,1137.89,,1116.28,1287.82,1037.93,1396.88,1344.69,,1406.93,1514.21,,,,1193.36,1348,,1337.82,1262.56,1436.28,1408.98,,1209.61,1305.66,1118.29,1236.96,1286.81,1230.03,1067.72,,1233.93,,1185.86,,1024.55,,,1130.1,,1199.17,1272.53,1215.21,1078.08,1248.08,,1177.55,1285.69,,1264.53,,,,1269.19,1189.6,1286.06,1239.37,1350.56,,,
916,"Endocrinology, neuroendocrine system, morphology: Adrenal width (total) for males [um]
",Di Curzio D and Goldowitz D,2011,21347846,1065.04,906.118,1131.54,1029.55,,1210.67,1064.63,1131.33,,962.84,1019.47,960.715,1130.33,1249.22,1122.56,996.24,1204.9,,,,1170.92,,1157.2,1157.93,964.037,,1074.44,1060.65,1210.14,1194.71,,1084.26,,1156.26,1037.65,958.603,,1101.15,1059.56,981.133,1026.11,1262.81,,1063.93,1271.21,,,,1084.97,1057.65,,1150.09,1091.13,1128.02,1249.06,,1038.56,1101.78,1104.05,1102.79,1111.58,969.45,1149.26,,1083.49,,1022.65,,1020.94,,,1022.99,,1002.44,1111.89,1112.88,1041.82,1175.94,,1115.32,1165.52,,1061.99,,,,1093.56,1033.61,1169.91,1162.54,1330.42,,,
923,"Endocrinology, neuroendocrine system, morphology: Adrenal X-zone width for females [um]
",Di Curzio D and Goldowitz D,2011,21347846,36.523,47.136,37.885,66.465,,52.876,50.103,42.921,109.35,58.865,74.81,51.448,40.746,66.28,78.404,43.97,65.747,47.285,,,54.343,,61.791,39.665,,,57.715,40.903,57.445,58.905,,63.556,,57.615,64.723,47.01,,57.071,48.404,36.67,57.945,44.26,,60.232,66.824,,,,53.933,51.742,,49.251,47.962,74.492,43.605,,71.183,69.267,27.418,53.578,86.36,74.662,28.355,,37.744,,65.528,,56.488,,,51.843,,57.118,54.343,70.81,36.315,80.77,,34.318,53.14,,70.659,,,,58.248,78.33,40.185,64.744,51.243,,,
922,"Endocrinology, neuroendocrine system, morphology: Adrenal X-zone width for males [um]",Di Curzio D and Goldowitz D,2011,21347846,0,0,0,0,,0,0,0,,0,0,0,19.25,38.52,11.223,0,0,,,,0,,0,0,0,,0,0,7.3,0,,27.892,,36.83,0,0,,0,0,0,0,0,,0,14.148,,,,0,20.99,,0,0,0,0,,0,0,0,0,0,0,0,,0,,0,,0,,,0,,0,0,0,0,0,,0,0,,0,,,,0,0,0,0,0,,,
1726,"Endocrinology, neuroendocrine system, morphology: Adrenal X-zone width in males [um]
",Di Curzio D and Goldowitz D,2011,21347846,,,,,,,,,,,,,19.25,38.52,12.064,,,,,,,,,,,,,,7.3,,,27.892,,36.83,,,,,,,,,,,14.148,,,,,20.99,,,,,,,,,,,,,,,,,,,,,,,,,,,,,,,,,,,,,,,,,,,,
1947,"Endocrinology, neuroendocrine system, morphology: Adrenal zona fasciculata width [um]",Di Curzio D and Goldowitz D,2011,21347846,169.849,113.055,140.426,155.528,,194.493,143.008,136.389,171.845,133.925,159.278,133.979,142.743,202.569,120.205,152.795,165.234,132.921,,,156.457,,143.506,138.968,125.675,,156.502,116.392,152.238,161.865,,124.413,,145.227,162.936,160.511,,149.391,142.924,134.119,166.801,152.04,,122.735,206.317,,,,129.221,180.339,,156.341,149.779,190.531,173.77,,153.885,161.882,161.321,151.134,164.188,121.244,129.178,,125.497,,136.232,,118.893,,,122.6,,138.847,154.266,137.129,124.111,146.471,,114.907,128.99,,154.477,,,,153.921,146.49,147.913,136.506,181.117,,,
921,"Endocrinology, neuroendocrine system, morphology: Adrenal zona fasciculata width for females [um]
",Di Curzio D and Goldowitz D,2011,21347846,190.799,114.783,136.563,182.118,,228.625,142.955,153.214,192.095,150.615,201.718,142.485,164.184,221.848,122.774,154.223,147.14,153.648,,,184.065,,143.865,133.215,,,173.49,102.86,195.993,179.93,,127.681,,171.698,224.443,202.105,,155.734,163.203,155.08,189.82,184.469,,156.525,232.236,,,,145.49,214.718,,181.467,174.325,259.647,212.683,,175.089,195.732,185.485,178.443,172.478,138.397,149.028,,162.344,,148.823,,136.4,,,132.493,,164.467,184.065,156.943,130.532,157.143,,120.338,141.634,,173.931,,,,166.875,165.24,179.257,156.44,203.055,,,
920,"Endocrinology, neuroendocrine system, morphology: Adrenal zona fasciculata width in young adult males [um]
",Di Curzio D and Goldowitz D,2011,21347846,143.661,110.983,144.29,137.802,,168.833,143.043,113.957,,117.235,116.838,125.473,99.86,189.717,107.054,150.653,178.804,,,,142.653,,140.071,132.65,109.183,,113.015,129.925,123.068,143.8,,115.698,,131.993,121.932,108.823,,136.706,122.646,120.145,143.783,135.825,,97.393,154.478,,,,121.086,128.77,,128.304,117.66,134.057,134.858,,125.613,128.033,137.158,132.928,164.698,108.38,109.328,,109.578,,119.445,,107.222,,,107.76,,100.418,124.467,127.223,114.48,135.8,,109.478,116.346,,115.568,,,,134.49,127.74,121.407,116.573,148.21,,,
919,"Endocrinology, neuroendocrine system, morphology: Adrenal zona glomerulosa width for females [um]
",Di Curzio D and Goldowitz D,2011,21347846,41.181,38.095,44.028,46.978,,46.555,38.608,41.95,38.55,31.413,45.888,32.013,45.048,49.253,42.849,41.127,38.743,45.475,,,41.043,,47.889,39.273,,,50.775,33.42,33.585,46.018,,40.327,,44.51,50.293,39.312,,46.389,40.286,46.438,51.898,41.491,,46.912,55.374,,,,43.653,49.995,,48.664,43.032,54.27,47.183,,42.036,39.36,49.168,49.75,40.317,46.153,43.77,,47.219,,44.699,,48.383,,,35.532,,42.102,45.355,44.42,42.495,39.863,,38.4,50.189,,42.041,,,,46.277,42.865,39.565,41.816,34.317,,,
918,"Endocrinology, neuroendocrine system, morphology: Adrenal zona glomerulosa width for males [um]",Di Curzio D and Goldowitz D,2011,21347846,46.556,45.552,39.74,40.657,,53.423,42.765,43.795,,32.108,36.988,33,43.31,44.66,46.826,39.255,48.108,,,,50.044,,39.44,35.48,41.165,,36.59,36.11,49.865,45.065,,42.637,,40.91,43.295,39.113,,51.123,39.254,43.188,45.325,47.328,,41.395,61.518,,,,42.569,50.258,,49.17,41.382,39.29,50.803,,42.542,38.973,47.998,39.66,42.613,35.783,46.085,,46.94,,44.035,,43.315,,,41.263,,37.215,39.393,43.474,40.223,39.913,,38.53,43.711,,41.838,,,,38.513,42.297,42.423,38.808,45.568,,,
932,"Endocrinology, neuroendocrine system, morphology: Adrenal zona intermedia width for females [um]
",Di Curzio D and Goldowitz D,2011,21347846,17.922,13.538,14.27,15.91,,14.934,15.66,14.271,14.625,10.515,14.968,11.938,13.818,17.498,15.369,13.675,15.338,16.813,,,12.508,,14.999,12.158,,,12.37,8.778,11.295,16.592,,14.339,,14.18,20.188,12.553,,16.867,15.571,14.318,11.14,14.741,,14.215,14.981,,,,12.555,14.373,,18.562,13.865,15.702,14.165,,14.478,14.137,13.939,15.583,14.21,13.048,15.298,,16.041,,15.644,,13.063,,,12.02,,13.583,16.412,15.005,13.102,14.88,,11.045,14.766,,14.919,,,,15.232,14.62,13.018,16.051,13.905,,,
934,"Endocrinology, neuroendocrine system, morphology: Adrenal zona intermedia width for males [um]
",Di Curzio D and Goldowitz D,2011,21347846,19.583,14.612,14.463,12.303,,20.754,13.25,15.413,,10.478,11.535,13.17,12.878,14.505,16.773,10.973,19.379,,,,15.388,,19.481,14.375,13.355,,12.605,12.583,16.86,14.668,,12.043,,13.719,13.103,11.848,,14.626,12.006,14.853,17.253,13.993,,12.734,12.978,,,,12.513,11.153,,17.706,12.875,13.232,14.685,,13.183,14.827,16.996,13.685,13.695,12.909,14.208,,18.089,,14.67,,14.302,,,15.295,,10.05,12.69,14.573,14.668,14.408,,15.293,14.061,,14.21,,,,13.655,14.372,13.733,14.135,13.865,,,
933,"Endocrinology, neuroendocrine system, morphology: Adrenal zona reticularis width for females [um]
",Di Curzio D and Goldowitz D,2011,21347846,52.486,70.501,68.45,76.213,,53.148,46.853,54.23,69.125,68.4,66.92,67.89,42.958,86.39,92.872,53.863,73.843,64.73,,,63.84,,63.858,75.79,,,54.475,62.708,71.29,61.757,,81.446,,80.073,72.338,48.38,,71.764,45.598,46.248,58.128,48.044,,76.015,71.63,,,,54.16,68.625,,64.057,64.642,96.248,47.735,,71.495,74.408,44.241,51.09,86.117,69.703,38.432,,43.229,,67.219,,54.758,,,51.587,,58.165,59.087,59.193,36.69,72.735,,51.99,61.533,,75.918,,,,55.372,66.603,54.367,66.481,61.518,,,
935,"Endocrinology, neuroendocrine system, morphology: Adrenal zona reticularis width for males [um]
",Di Curzio D and Goldowitz D,2011,21347846,65.385,44.882,70.66,61.038,,67.733,59.855,69.408,,70.323,66.98,70.288,44.54,69.567,49.492,49.845,60.133,,,,60.298,,55.286,47.605,64.715,,51.198,64.68,59.298,85.428,,54.647,,57.87,75.217,64.257,,74.423,60.99,72.888,66.94,76.554,,59.435,48.075,,,,57.435,49.483,,65.479,78.823,101.203,45.67,,82.208,83.257,55.975,81.123,83.477,58.024,72.81,,46.761,,85.392,,78.947,,,71.19,,59.845,98.782,79.995,67.235,90.003,,38.128,60.433,,81.588,,,,81.168,76.52,72.792,69.6,108.243,,,
2307,Hippocampus dentate gyrus cells positive for Calretinin immunohistochemistry [Number of cells],"Julia Krebs, Gerd Kempermann",2011,,,1065,951,,2367,3147,,1716,648,962,,3139,,1834,1726.5,3301,,,2691,,,2781,2352,1222,2461,1513,1952,726,1682,841,,,,2410.5,1274,2110,,2218,,,,,,,,,,,,,,,,,,,,,,,,,,,,,,,,,,,,,,,,,,,,,,,,,,,,,,,,
2308,Hippocampus dentate gyrus cells positive for Doublecortin immunohistochemistry [Number of cells],"Julia Krebs, Gerd Kempermann",2011,,1956,842.4,1467,738,1745,2926,,1678,555,1062,,3039,1959,1220,1159.5,2212,,,2099,,1457,2319,2433,2319,3288,3052,2986,1479,2784,1615,,,,2748,1381,2930,,2283,,,,,,,,,,,,,,,,,,,,,,,,,,,,,,,,,,,,,,,,,,,,,,,,,,,,,,,,
2010,"Central nervous system, morphology: Brain weight, corrected only for dissection error [mg]  ","Reinmar Hager, Lu Lu, Robert Williams",2010,,470.253,400.692,470.588,432.944,514.051,389.764,436.857,435.807,444.262,444.003,398.062,421.972,455.929,448.976,428.546,425.081,391.707,437.124,449.665,421.082,409.5,408.762,367.645,402.813,395.046,372.922,416.129,430.71,428.577,420.545,417.244,415.869,424.187,420.67,416.726,436.781,,442.56,421.38,438.364,442.016,412.269,405.833,417.544,440.517,,,,469.816,434.81,,448.498,457.539,437.164,408.1,446.6,424.386,410.231,408.775,444.11,451.167,429.748,443.741,,439.678,390.75,421.067,436.1,453.04,417.172,374.017,439.776,406.688,439.462,409.604,431.285,484.774,429.752,,446.717,434.574,462.85,434.901,415.322,,442.48,416.705,443.842,412.735,452.074,445.842,378.333,402.891,452.84
2011,"Central nervous system, morphology: Brain weight, repeat measurement prior to dissection, corrected only for initial dissection errors [mg]","Reinmar Hager, Lu Lu, Robert Williams",2010,,485.055,410.091,483.953,444.595,525.3,399.5,445.898,443.584,453.038,456.622,406.734,433.693,466.823,461.849,440.3,436.898,404.593,448.585,464.446,435.918,422.906,421.032,378.007,410.553,408.068,386.165,428.674,440.238,441.843,426.309,429.194,423.973,438.875,431.658,423.244,444.022,,448.86,430.715,447.31,452.188,426.145,405.833,418.835,450.949,,,,470.787,434.81,,458.608,462.095,446.616,418.356,463.25,430.269,414.089,408.775,448.166,459.29,432.61,443.741,,447.399,390.75,426.632,452.333,462.698,432.592,376.25,443.226,410.863,439.462,409.604,442.554,493.732,433.656,,452.848,442.911,480.033,447.012,425.9,,442.48,422.709,452.41,418.7,452.074,446.227,378.333,402.891,452.84
2012,"Central nervous system, morphology: Brain weight, repeat measurement prior to dissection, statistically adjusted for variation in sex, age, body weight and for dissection error (Hager et al., 2012) [mg]","Reinmar Hager, Lu Lu, Robert Williams",2010,,488.776,414.383,492.576,438.697,530.186,400.747,445.859,437.196,452.583,461.049,411.334,438.413,462.643,466.364,442.305,442.403,415.123,450.265,469.971,442.154,417.29,427.953,381.942,412.801,415.167,398.138,430.899,437.842,449.352,421.077,436.49,427.587,429.919,438.688,420.157,446.549,,448.954,432.182,446.894,457.649,426.057,405.682,419.602,450.419,,,,470.528,429.871,,447.543,458.602,446.437,424.192,454.906,428.059,416.054,412.731,443.091,455.804,429.612,444.027,,450.786,396.589,427.256,452.429,447.104,434.523,386.006,444.4,418.587,448.472,411.292,439.863,487.895,432.278,,446.726,441.078,483.377,437.93,423.064,,438.51,420.545,443.171,419.56,450.869,436.924,382.171,397.68,444.23
2013,"Central nervous system, morphology: Brain weight, statistically adjusted for variation in sex, age, body weight, and dissection error [mg]","Reinmar Hager, Lu Lu, Robert Williams",2010,,474.438,404.971,478.054,427.536,519.353,390.511,437.676,429.642,443.651,448.963,403.899,426.136,452.669,454.554,431.124,430.41,402.79,438.8,455.448,427.6,403.73,415.684,372.155,406.136,402.946,385.661,418.728,428.894,436.37,415.725,425.596,419.859,410.872,428.497,414.214,439.594,,443.02,423.284,437.138,446.642,412.671,407.057,418.391,439.887,,,,469.944,429.454,,437.122,454.284,437.106,414.111,436.282,421.458,411.204,412.544,437.758,447.899,426.008,443.397,,442.63,397.488,421.741,433.432,437.88,419.535,382.556,440.205,412.357,448.101,411.322,429.114,478.721,426.975,,439.92,432.472,464.823,426.579,413.024,,438.914,414.948,434.971,412.886,449.968,436.52,383.553,398.186,443.996
1971,"Central nervous system, morphology: Hippocampus mossy fiber pathway volume, infrapyramidal (IMF) [mm^3]","Julia Krebs, Gerd Kempermann",2010,,0.044,0.02,0.036,0.042,0.046,0.024,,0.028,0.021,0.035,,0.021,0.024,0.038,0.052,0.029,,0.037,0.025,,0.026,0.021,0.028,0.022,0.015,0.028,0.023,0.021,0.028,0.036,0.037,,,0.036,0.025,0.03,,0.029,,,,,,,,,,,,,,,,,,,,,,,,,,,,,,,,,,,,,,,,,,,,,,,,,,,,,,,,
1972,"Central nervous system, morphology: Hippocampus mossy fiber pathway volume, suprapyramidal (SMF) [mm^3]","Julia Krebs, Gerd Kempermann",2010,,0.155,0.217,0.206,0.158,0.163,0.189,,0.199,0.111,0.136,,0.162,0.165,0.19,0.166,0.197,,0.185,0.185,,0.107,0.15,0.148,0.112,0.114,0.118,0.145,0.13,0.118,0.114,0.198,,,0.159,0.158,0.156,,0.115,,,,,,,,,,,,,,,,,,,,,,,,,,,,,,,,,,,,,,,,,,,,,,,,,,,,,,,,
1974,"Central nervous system, morphology: Hippocampus mossy fiber pathway volume, total (hilus + IMF + SMF) [mm^3]","Julia Krebs, Gerd Kempermann",2010,,0.324,0.327,0.361,0.293,0.344,0.321,,0.387,0.249,0.255,,0.272,0.269,0.361,0.364,0.358,,0.322,0.316,,0.199,0.236,0.247,0.199,0.199,0.231,0.257,0.252,0.245,0.236,0.395,,,0.309,0.337,0.314,,0.256,,,,,,,,,,,,,,,,,,,,,,,,,,,,,,,,,,,,,,,,,,,,,,,,,,,,,,,,
1970,"Central nervous system, morphology: Hippocampus mossy fiber pathway volume, total without IMF (hilus + SMF) [mm^3]","Julia Krebs, Gerd Kempermann",2010,,0.28,0.308,0.325,0.251,0.298,0.297,,0.359,0.229,0.22,,0.251,0.244,0.323,0.311,0.329,,0.284,0.29,,0.173,0.214,0.219,0.177,0.184,0.202,0.234,0.231,0.217,0.2,0.358,,,0.273,0.312,0.285,,0.227,,,,,,,,,,,,,,,,,,,,,,,,,,,,,,,,,,,,,,,,,,,,,,,,,,,,,,,,
1522,"Central nervous system, neuropharmacology, behavior: 3,4-methylenedioxymethamphetamine (MDMA, Ecstasy) response (10 mg/kg subcutaneous), locomotion on day 2 for males and females [cm/90 min test]","Philip VM, Ansah TA, Blaha CD, Cook MN, Hamre KM, Lariviere WR, Matthews DB, Mittleman G, Goldowitz D, Chesler EJ",2010,19958391,,,,,,812.5,,,,3248.5,,,,735.5,,,,,,,,,,1301.5,,,,,,,,381.2,,,1761.75,5446.25,,12099,1463.5,451.5,,,,,,,,,530.5,,,4339,1584.5,27235,,,16648,3004.75,,,19276,,,,22764,,2664,,2974.5,,,,,,5317.5,,36001.5,,,,,,1622,,,,2365.33,,765.5,,,,,
998,"Central nervous system, pharmacology, behavior: Naloxone-induced morphine withdrawal, naloxone (30 mg/kg ip) after morphine (50 mg/kg dose ip), postural changes for males [ordinal scale, 0=no effect, 3=max]","Philip VM, Ansah TA, Blaha CD, Cook MN, Hamre KM, Lariviere WR, Matthews DB, Mittleman G, Goldowitz D, Chesler EJ",2010,19958391,,,0.166667,0.333333,,0,0,0.4,0.333333,0.5,0.25,1.25,0.166667,0,0.25,0.25,0,0.166667,,,0.2,,0.428571,0,0,,0,0,0,0,,0,,0.166667,0.333333,0,,0.166667,0.333333,0,0.5,0.5,,0,0.285714,,,,0.166667,0,,0.285714,0,0.166667,0,,0.166667,0.166667,0.666667,0.2,0.166667,0.5,0,,0.1,,0.166667,,,,,0.2,,0,0.166667,0.333333,0.5,0.2,,0,0.333333,,0.666667,,,,0.333333,0.5,0,0,0.333333,,,
1506,"Central nervous system, pharmacology, behavior: Naloxone-induced morphine withdrawal, naloxone (30 mg/kg ip) after morphine (50 mg/kg dose ip), postural changes for males and females [ordinal scale, 0=no effect, 3=max]","Philip VM, Ansah TA, Blaha CD, Cook MN, Hamre KM, Lariviere WR, Matthews DB, Mittleman G, Goldowitz D, Chesler EJ",2010,19958391,,,0.076923,0.181818,,0,0,0.181818,0.571429,0.285714,0.444444,0.75,0.25,0,0.8,0.125,0,0.166667,,,0.111111,,0.307692,0.071429,0.363636,,0.071429,0,0,0.076923,,0,,0.333333,0.266667,0.058824,,0.058824,0.166667,0.076923,0.625,0.166667,,0.461538,0.5,,,,0.230769,0,,0.307692,0.25,0.083333,0,,0.142857,0.166667,0.416667,0.111111,0.142857,0.285714,0.285714,,0.125,,0.166667,,0.333333,,,0.2,,0,0.090909,0.166667,0.6,0.090909,,0,0.222222,,0.444444,,,,0.25,0.25,0.2,0,0.142857,,,
§,"Central nervous system: level of allopregnanolone in the olfactory bulb and tubercle 1 hour after control saline injection   ((3alpha,5alpha) 3-hydroxy-5-pregnane-20-one (3alpha,5alpha-THP)) [pg/g]",Morrow L,2010,,136.52,216,,122.96,2301.4,974.32,,278.2,,475.07,85.32,359.75,647.61,147.41,464.25,3502.93,,175.22,,,1000,,2034.15,,612.11,,314.09,245.99,,,,,,,,,,,,270,,141.72,,,,,,,,,,,,605.45,,,,,,,55.12,,,,,,,,,,,,,,,,,522.33,,1369.68,,,,,,,,,,,,,,
1446,"Central nervous systems, adult neurogenesis: BrdU-labeled cells in the rostral migratory stream 1 hr after BrdU injection for adult females [density]","Philip VM, Ansah TA, Blaha CD, Cook MN, Hamre KM, Lariviere WR, Matthews DB, Mittleman G, Goldowitz D, Chesler EJ",2010,19958391,,,,72.5,,75,,78.75,,,,,85,,87.5,,,,,,,,59,,,,71,93,,,,93,,,97.6667,,,,107.25,67,118,83.3333,,,,,,,,,,94,97,115.333,,,85.6667,,115,80.2,131,86.3333,,,98,109,143,,79.5,,,92.6,,,,104.5,89,125.25,,92,,100,113,157.333,,,110.75,95.6667,,,,,,
1967,"Endocrinology: Thyroxine (T4), free level in serum, control pre-immunization in females 5-8 weeks old, by radioimmunoassay [ng/dL]
","McLachlan SM, Rapoport B",2010,,0.57,0.48,,,,,,,0.49,0.46,0.5,,,0.6,,,,,,,,,,,,,,0.54,,,,,,,,0.41,,,0.51,,,0.65,0.62,,,,,,,,,,,,,,0.59,,0.44,,,0.58,,,0.29,,0.31,,,,,0.37,,,,,,0.39,,,,,,,,,,0.45,,0.47,0.5,0.55,,0.46
1968,"Endocrinology: Thyroxine (T4), total level in serum, control pre-immunization in females 5-8 weeks old, by radioimmunoassay [ug/dL]","McLachlan SM, Basil Rapoport B",2010,,3.7,3.37,,,,,,,4.18,3.74,4.64,,,3.28,,,,,,,,,,,,,,4.15,,,,,,,,4.01,,,4.15,,,4.19,3.4,,,,,,,,,,,,,,4.11,,3.97,,,4.91,,,3.55,,2.73,,,,,3.44,,,,,,3.94,,,,,,,,,,2.96,,3.5,4,3.52,,3.66
2074,"Pregnenolone levels X hrs after saline injection, XX sample collection (preliminary) [pg/g] ",Morrow L,2010,,1464.92,1266.92,,1402.71,1066.2,1141.1,,1119.54,,1596.29,3832.29,4067.29,940.1,1678.94,6381.52,1286.82,,1348.52,,,1921.86,,1759.52,,,,1262.06,,,,,,,,,,,,,1303.63,,1227.8,,,,,,,,,,,,1128.8,,,,,,,1479.66,,,,,,,,,,,,,,,,,1784.28,,133.83,,,,,,,,,,,,,,
1458,"Somatosensory response, mechanical sensitivity using Von Frey test, threshold for males and females [Force in mg]","Philip VM, Ansah TA, Blaha CD, Cook MN, Hamre KM, Lariviere WR, Matthews DB, Mittleman G, Goldowitz D, Chesler EJ",2010,19958391,,,4.38912,,,4.01835,3.96825,,4.31694,4.18573,4.42469,4.38903,4.37725,4.23723,4.32097,4.11629,4.23112,4.15617,,,4.22439,,4.16437,4.32327,4.14855,,4.19612,4.06056,4.11438,4.2971,,4.0077,,4.12986,4.0489,4.06234,,4.27392,4.02443,4.3796,4.18365,4.07555,,4.11968,4.32607,,,,4.39403,4.22,,4.10912,4.2086,4.23688,4.1571,,4.08913,4.1775,4.13694,4.25669,3.98371,4.2419,3.95263,,4.02855,,4.00806,,4.15213,,,4.38189,,4.18814,3.78256,4.11475,4.19975,4.06938,,4.07778,,,4.03775,,,,4.09932,3.99612,4.14549,4.07363,4.07552,,,
829,"Central nervous system, morphology: Amygdala volume, bilateral, in situ postmortem from high field MRI [mm^3]","Badea A, Johnson GA, Williams RW",2009,19349225,13.608,10.193,9.8351,,,11.072,,,,,,,13.368,12.25,,,,,,,10.489,,8.7893,10.426,10.813,,,,,9.8895,,,,,,11.579,,,,,,,,,,,,,,,,,,,,,,,,,,,,,,,,,,,,,,,,,,,,,,,,,,,,,,,,,,
849,"Central nervous system, morphology: Anterior commissure volume, bilateral, from in situ postmortem high field MRI [mm^3]","Badea A, Johnson GA, Williams RW",2009,19349225,1.1293,0.84488,0.93965,,,0.58283,,,,,,,0.95953,0.99522,,,,,,,0.9742,,1.0384,0.94673,0.75862,,,,,1.0667,,,,,,0.81662,,,,,,,,,,,,,,,,,,,,,,,,,,,,,,,,,,,,,,,,,,,,,,,,,,,,,,,,,,
834,"Central nervous system, morphology: Brain ventricle volume (bilateral, all ventricles, in situ postmortem from high field MRI [mm^3]","Badea A, Johnson GA, Williams RW",2009,19349225,3.7047,2.8433,3.894,,,1.383,,,,,,,4.7483,3.7351,,,,,,,3.481,,2.9628,3.2284,3.157,,,,,3.1359,,,,,,3.4616,,,,,,,,,,,,,,,,,,,,,,,,,,,,,,,,,,,,,,,,,,,,,,,,,,,,,,,,,,
857,"Central nervous system, morphology: Brain volume minus cerebellum volume, in situ postmortem value from high field MRI [mm^3]","Badea A, Johnson GA, Williams RW",2009,19349225,455.589,367.815,409.921,,,353.597,,,,,,,424.205,413.929,,,,,,,362.819,,359.885,379.241,373.645,,,,,399.712,,,,,,436.246,,,,,,,,,,,,,,,,,,,,,,,,,,,,,,,,,,,,,,,,,,,,,,,,,,,,,,,,,,
833,"Central nervous system, morphology: Brain volume, in situ postmortem from high field MRI [mm^3]","Badea A, Johnson GA, Williams RW",2009,19349225,511.52,417.02,470.42,,,406.01,,,,,,,477.8,469.44,,,,,,,416.77,,408.42,436.15,425.63,,,,,457.15,,,,,,488.32,,,,,,,,,,,,,,,,,,,,,,,,,,,,,,,,,,,,,,,,,,,,,,,,,,,,,,,,,,
856,"Central nervous system, morphology: Brainstem partial volume, bilateral including DpMe, APT, pons, but excluding other individually segmented nuclei, in situ postmortem from high field MRI [mm^3]","Badea A, Johnson GA, Williams RW",2009,19349225,81.5215,69.9407,71.4438,,,68.0716,,,,,,,70.4065,75.4956,,,,,,,64.861,,68.682,71.3402,68.7561,,,,,70.118,,,,,,79.0947,,,,,,,,,,,,,,,,,,,,,,,,,,,,,,,,,,,,,,,,,,,,,,,,,,,,,,,,,,
1877,"Central nervous system, morphology: Cerebellar Purkinje cell number, with Abercrombie correction, for male and females between 30 and 150-days-of-age [n x1000]
","Hamre K, Brauer E, Goldowitz D",2009,,126.321,109.98,168.102,,,,,97.728,,105.892,,,116.22,117.962,,140.33,,146.396,,,152.56,,163.444,,105.924,,128.254,,,131.688,,,,126.424,,,,134.708,109.848,141.028,,,,126.432,152.26,,,,143.384,,,132.198,117.872,127.568,129.804,,131.574,119.582,129.092,135.8,151.93,129.882,,,,,147.702,,118.96,,,123.264,,141.266,126.442,,133.192,141.718,,,136.296,,121.466,,,,140.372,123.968,151.628,140.446,,,,
826,"Central nervous system, morphology: Cerebellum volume,  in situ postmortem from high field MRI [bilateral mm^3]","Badea A, Johnson GA, Williams RW",2009,19349225,55.932,49.206,60.504,,,52.416,,,,,,,53.59,55.511,,,,,,,53.948,,48.535,56.904,51.988,,,,,57.433,,,,,,52.078,,,,,,,,,,,,,,,,,,,,,,,,,,,,,,,,,,,,,,,,,,,,,,,,,,,,,,,,,,
880,"Central nervous system, morphology: Cerebral cortex volume, adjusted for shrinkage, age, sex, plane of section, and BXD group/epoch) [mm^3]","Gaglani SM, Lu L, Williams RW, Rosen GD",2009,19426526,121.04,97.136,110.459,91.536,118.767,83.153,112.074,113.193,110.146,95.825,104.765,100.252,110.164,100.834,97.469,104.747,99.759,100.109,106.489,111.304,103.274,105.887,99.129,101.904,92.584,76.449,90.07,109.221,101.749,105.698,100.219,103.054,,99.699,110.878,110.318,,100.201,102.686,109.326,102.919,85.193,,,111.005,,,,,,,94.973,,109.502,106.294,,,,,,96.21,,,,105.911,,101.145,,101.082,,,,,112.395,,100.124,111.287,93.809,,113.985,104.414,,91.931,,,,,98.883,,,,,,
827,"Central nervous system, morphology: Cerebral cortex volume, bilateral, in situ postmortem from high field MRI [mm^3]","Badea A, Johnson GA, Williams RW",2009,19349225,169.46,137.31,158.04,,,135,,,,,,,162.71,151.62,,,,,,,132.5,,131.85,137.52,137.69,,,,,150.8,,,,,,163.34,,,,,,,,,,,,,,,,,,,,,,,,,,,,,,,,,,,,,,,,,,,,,,,,,,,,,,,,,,
879,"Central nervous system, morphology: Cerebral cortex volume, bilateral, shrinkage corrected [mm^3]","Gaglani SM, Lu L, Williams RW, Rosen GD",2009,19426526,123.563,93.862,113.139,95.57,126.88,81.562,110.893,114.859,111.874,99.199,104.929,101.035,113.142,103.924,98.437,106.412,98.6,105.3,109.703,112.605,103.229,103.204,94.034,100.526,91.096,73.369,90.36,111.133,102.823,106.734,100.681,103.46,,100.524,109.516,111.505,,104.596,98.165,106.542,102.34,83.274,,,109.854,,,,,,,95.695,,106.982,101.595,,,,,,95.922,,,,102.449,,95.231,,99.144,,,,,108.515,,98.494,114.585,90.128,,110.516,101.768,,89.329,,,,,96,,,,,,
845,"Central nervous system, morphology: Cerebral peduncle volume, bilateral, from in situ postmortem high field MRI [mm^3]","Badea A, Johnson GA, Williams RW",2009,19349225,1.3838,1.3645,1.451,,,1.2481,,,,,,,1.8868,1.9148,,,,,,,1.4964,,1.2776,1.3409,1.2222,,,,,1.4708,,,,,,1.3318,,,,,,,,,,,,,,,,,,,,,,,,,,,,,,,,,,,,,,,,,,,,,,,,,,,,,,,,,,
835,"Central nervous system, morphology: Corpus callosum volume, bilateral, in situ postmortem from high field MRI [mm^3]","Badea A, Johnson GA, Williams RW",2009,19349225,17.695,10.552,13.771,,,8.5138,,,,,,,17.093,16.573,,,,,,,15.106,,14.091,13.486,12.828,,,,,15.978,,,,,,15.758,,,,,,,,,,,,,,,,,,,,,,,,,,,,,,,,,,,,,,,,,,,,,,,,,,,,,,,,,,
841,"Central nervous system, morphology: Deep mesencephalic nuclei (MRN, RN, right and left combined) volume in situ from high field MRI [mm3]","Badea A, Johnson GA, Williams RW",2009,19349225,1.673,2.2957,2.4213,,,2.5477,,,,,,,2.8222,3.212,,,,,,,2.1445,,2.0063,2.4112,2.2786,,,,,2.395,,,,,,2.0998,,,,,,,,,,,,,,,,,,,,,,,,,,,,,,,,,,,,,,,,,,,,,,,,,,,,,,,,,,
851,"Central nervous system, morphology: Fimbria volume, bilateral, in situ postmortem from high field MRI [mm^3]","Badea A, Johnson GA, Williams RW",2009,19349225,3.798,3.0328,3.5032,,,2.3604,,,,,,,3.3433,3.1391,,,,,,,2.92,,2.8428,3.0176,3.2634,,,,,2.9108,,,,,,3.5745,,,,,,,,,,,,,,,,,,,,,,,,,,,,,,,,,,,,,,,,,,,,,,,,,,,,,,,,,,
842,"Central nervous system, morphology: Globus pallidus volume, in situ postmortem from high field MRI [bilateral mm^3]","Badea A, Johnson GA, Williams RW",2009,19349225,1.9809,2.0181,2.2347,,,3.3573,,,,,,,2.4806,2.9966,,,,,,,2.7641,,1.6496,1.9099,1.9249,,,,,2.8704,,,,,,2.5875,,,,,,,,,,,,,,,,,,,,,,,,,,,,,,,,,,,,,,,,,,,,,,,,,,,,,,,,,,
801,"Central nervous system, morphology: Hippocampus volume, bilateral, in situ postmortem from high field MRI [mm^3]","Badea A, Johnson GA, Williams RW",2009,19349225,29.905,21.497,23.571,,,20.215,,,,,,,26.703,23.468,,,,,,,21.193,,21.532,21.124,23.303,,,,,21.921,,,,,,26.575,,,,,,,,,,,,,,,,,,,,,,,,,,,,,,,,,,,,,,,,,,,,,,,,,,,,,,,,,,
830,"Central nervous system, morphology: Hypothalamus volume, bliateral, in situ postmortem from high field MRI [mm^3]","Badea A, Johnson GA, Williams RW",2009,19349225,11.555,9.0017,10.099,,,8.4256,,,,,,,8.0882,8.7409,,,,,,,9.2559,,8.2462,8.8628,9.0166,,,,,9.3621,,,,,,11.005,,,,,,,,,,,,,,,,,,,,,,,,,,,,,,,,,,,,,,,,,,,,,,,,,,,,,,,,,,
832,"Central nervous system, morphology: Inferior colliculus volume, bilateral, in situ postmortem from high field MRI [mm^3]","Badea A, Johnson GA, Williams RW",2009,19349225,7.1723,7.169,6.5132,,,4.1923,,,,,,,5.5034,5.7329,,,,,,,4.3586,,4.992,5.7999,7.0282,,,,,5.0296,,,,,,7.4207,,,,,,,,,,,,,,,,,,,,,,,,,,,,,,,,,,,,,,,,,,,,,,,,,,,,,,,,,,
844,"Central nervous system, morphology: Interpeduncular nucleus volume, bilateral, in situ postmortem from high field MRI [mm^3]","Badea A, Johnson GA, Williams RW",2009,19349225,0.49974,0.46607,0.33802,,,0.26313,,,,,,,0.27776,0.29767,,,,,,,0.31107,,0.26428,0.34566,0.27009,,,,,0.31477,,,,,,0.30431,,,,,,,,,,,,,,,,,,,,,,,,,,,,,,,,,,,,,,,,,,,,,,,,,,,,,,,,,,
853,"Central nervous system, morphology: Lateral lemniscus (right and left combined), in situ postmortem from high field MRI [mm3]","Badea A, Johnson GA, Williams RW",2009,19349225,0.75496,0.69287,0.89787,,,0.48535,,,,,,,0.84182,0.87076,,,,,,,0.70196,,0.70487,0.76359,0.78525,,,,,0.73377,,,,,,0.77269,,,,,,,,,,,,,,,,,,,,,,,,,,,,,,,,,,,,,,,,,,,,,,,,,,,,,,,,,,
840,"Central nervous system, morphology: Laterodorsal nucleus of thalamus volume, bilateral, in situ postmortem from high field MRI [mm^3]","Badea A, Johnson GA, Williams RW",2009,19349225,0.49179,0.29095,0.39077,,,0.22377,,,,,,,0.32876,0.28492,,,,,,,0.27616,,0.32741,0.31123,0.38831,,,,,0.25955,,,,,,0.42306,,,,,,,,,,,,,,,,,,,,,,,,,,,,,,,,,,,,,,,,,,,,,,,,,,,,,,,,,,
855,"Central nervous system, morphology: Midbrain partial volume, bilateral (excludes individually segmented nuclei) in situ postmortem from high field MRI [mm^3]","Badea A, Johnson GA, Williams RW",2009,19349225,78.105,66.058,67.047,,,63.562,,,,,,,66.036,70.574,,,,,,,61.228,,65.248,67.036,64.875,,,,,66.091,,,,,,75.189,,,,,,,,,,,,,,,,,,,,,,,,,,,,,,,,,,,,,,,,,,,,,,,,,,,,,,,,,,
848,"Central nervous system, morphology: Nucleus accumbens volume, bilateral, in situ postmortem from high field MRI [mm^3]","Badea A, Johnson GA, Williams RW",2009,19349225,5.332,3.872,4.73,,,2.012,,,,,,,5.042,5.03,,,,,,,4.178,,3.754,4.145,4.457,,,,,4.402,,,,,,4.854,,,,,,,,,,,,,,,,,,,,,,,,,,,,,,,,,,,,,,,,,,,,,,,,,,,,,,,,,,
828,"Central nervous system, morphology: Olfactory bulb volume, bilateral, in situ postmortem from high field MRI [mm^3]","Badea A, Johnson GA, Williams RW",2009,19349225,29.593,24.825,27.679,,,25.692,,,,,,,26.91,28.273,,,,,,,23.255,,24.114,28.882,24.234,,,,,30.472,,,,,,29.007,,,,,,,,,,,,,,,,,,,,,,,,,,,,,,,,,,,,,,,,,,,,,,,,,,,,,,,,,,
852,"Central nervous system, morphology: Periaqueductal gray volume, bilateral, in situ postmortem from high field MRI [mm^3] ","Badea A, Johnson GA, Williams RW",2009,19349225,3.3285,2.448,2.9656,,,2.3007,,,,,,,2.8502,2.9693,,,,,,,2.8233,,2.1587,2.692,2.5896,,,,,2.7973,,,,,,3.3016,,,,,,,,,,,,,,,,,,,,,,,,,,,,,,,,,,,,,,,,,,,,,,,,,,,,,,,,,,
847,"Central nervous system, morphology: Pontine nuclei volume, bilateral, in situ postmortem from high field MRI [mm^3]","Badea A, Johnson GA, Williams RW",2009,19349225,1.3106,1.1556,1.4789,,,1.3895,,,,,,,1.0291,1.223,,,,,,,1.0631,,1.044,1.4227,1.1487,,,,,1.1814,,,,,,1.3357,,,,,,,,,,,,,,,,,,,,,,,,,,,,,,,,,,,,,,,,,,,,,,,,,,,,,,,,,,
799,"Central nervous system, morphology: Septal nuclei volume, bilateral, in situ postmortem from high field MRI [mm^3]","Badea A, Johnson GA, Williams RW",2009,19349225,2.764,2.186,2.834,,,3.254,,,,,,,2.557,2.564,,,,,,,2.805,,2.136,2.506,2.665,,,,,2.437,,,,,,2.397,,,,,,,,,,,,,,,,,,,,,,,,,,,,,,,,,,,,,,,,,,,,,,,,,,,,,,,,,,
800,"Central nervous system, morphology: Striatum (caudate-putamen), bilateral, in situ postmortem from high field MRI [mm^3]","Badea A, Johnson GA, Williams RW",2009,19349225,22.228,17.108,20.532,,,17.816,,,,,,,24.143,20.484,,,,,,,20.261,,20.086,20.311,18.547,,,,,22.331,,,,,,21.044,,,,,,,,,,,,,,,,,,,,,,,,,,,,,,,,,,,,,,,,,,,,,,,,,,,,,,,,,,
656,"Central nervous system, morphology: Striatum volume, dorsal striatum of young adults, bilateral and shrinkage corrected [mm^3] ","Rosen GD, Pung CJ, Owens CB, Caplow J, Kim H, Mozhui K, Lu L, Williams RW",2009,19191878,23,21.39,25.505,20.197,27.27,18.768,21.44,23.974,24.309,20.669,18.857,21.035,21.35,20.869,20.812,22.859,19.768,23.424,25.43,18.924,22.433,19.59,19.938,20.123,18.741,19.16,20.33,25.748,23.531,22.67,20.276,21.417,,19.805,21.827,23.241,,24.039,21.778,26.3,22.73,,,,24.827,,,,,,,24.055,,25.336,22.865,,,,,,22.643,,,,23.606,,22.097,,24.02,,,,,23.811,,22.137,26.518,21.136,,20.182,22.48,,21.836,,,,,21.949,,,,,,
881,"Central nervous system, morphology: Striatum volume, dorsal striatum, bilateral and adjusted for shrinkage, age, sex, plane of section, and BXD group/epoch (mm^3)","Rosen GD, Pung CJ, Owens CB, Caplow J, Kim H, Mozhui K, Lu L, Williams RW",2009,19191878,20.52,22.63,24.769,19.942,23.64,20.931,22.367,23.869,24.345,20.062,19.567,20.996,20.435,19.761,21.732,23.454,21.391,22.656,24.507,19.015,23.566,21.565,23.475,21.512,21.496,22.203,21.455,25.35,23.918,23.216,21.135,22.314,,20.622,23.005,23.339,,23.025,21.439,25.427,21.545,,,,23.451,,,,,,,21.816,,24.288,22.725,,,,,,21.01,,,,22.655,,22.659,,22.669,,,,,23.067,,20.905,23.337,20.927,,18.925,21.361,,21.347,,,,,20.785,,,,,,
846,"Central nervous system, morphology: Substantia nigra, bilateral, in situ postmortem from high field MRI [mm^3]","Badea A, Johnson GA, Williams RW",2009,19349225,2.1758,1.912,1.8285,,,1.4542,,,,,,,2.1749,1.9676,,,,,,,1.6528,,2.0067,1.7809,1.6619,,,,,1.6621,,,,,,1.9314,,,,,,,,,,,,,,,,,,,,,,,,,,,,,,,,,,,,,,,,,,,,,,,,,,,,,,,,,,
831,"Central nervous system, morphology: Superior colliculus volume, bilateral, from in situ postmortem high field MRI) [mm^3]","Badea A, Johnson GA, Williams RW",2009,19349225,10.774,9.6975,9.8349,,,8.5317,,,,,,,9.7906,9.5366,,,,,,,7.7724,,7.7987,8.903,8.9374,,,,,9.1159,,,,,,11.099,,,,,,,,,,,,,,,,,,,,,,,,,,,,,,,,,,,,,,,,,,,,,,,,,,,,,,,,,,
854,"Central nervous system, morphology: Thalamus volume, bilateral, in situ postmortem from high field MRI [mm^3]","Badea A, Johnson GA, Williams RW",2009,19349225,30.287,24.2364,27.9764,,,23.0626,,,,,,,27.0562,29.3124,,,,,,,24.6,,24.7371,25.5856,25.4117,,,,,25.7364,,,,,,29.8854,,,,,,,,,,,,,,,,,,,,,,,,,,,,,,,,,,,,,,,,,,,,,,,,,,,,,,,,,,
836,"Central nervous system, morphology: Trigeminal tract volume, bilateral, in situ postmortem from high field MRI [mm^3]","Badea A, Johnson GA, Williams RW",2009,19349225,0.88817,0.6365,0.69115,,,0.46133,,,,,,,0.68897,0.65331,,,,,,,0.68245,,0.65593,0.61025,0.64763,,,,,0.55575,,,,,,0.76971,,,,,,,,,,,,,,,,,,,,,,,,,,,,,,,,,,,,,,,,,,,,,,,,,,,,,,,,,,
850,"Central nervous system, morphology: Ventral thalamic nuclei volume, bilateral from in situ postmortem from high field MRI (includes the VPL, VPM, VP, and VA) [mm^3]","Badea A, Johnson GA, Williams RW",2009,19349225,7.3049,5.9318,7.2004,,,5.743,,,,,,,6.4884,6.7828,,,,,,,5.9832,,6.0655,6.3021,6.5992,,,,,6.3731,,,,,,7.3819,,,,,,,,,,,,,,,,,,,,,,,,,,,,,,,,,,,,,,,,,,,,,,,,,,,,,,,,,,
796,"Central nervous system, morphology: Brain weight, fixed tissue without corrections [mg]","Jan TA, Lu L, Li CX, Williams RW, Waters RS",2008,18179704,415.57,345.83,394,375.45,,,,403.9,,397.5,,,,,,,,,,,357.5,361,,,,,363.21,380.48,350.9,,,,,,352.3,428.4,,,399.55,422.85,,,,,420.6,,,,445.85,388.6,,405.85,421.35,388.2,375.9,336.17,,311.73,,400.65,415.3,349.65,455.9,385.8,432.7,,394.6,,413.97,,,380.38,,421.55,370.4,,446.45,,389.03,346.35,382.03,,450.55,388.4,,,474.55,417.05,368.45,,,,,
899,"Central nervous system, morphology: Forebrain weight, adjusted by age, sex, body weight and BXD epoch [mg]","Kim Acklin, Lu Lu, Robert Williams",2008,,334.116,291.154,313.532,290.277,349.953,273.138,330.311,319.497,302.973,322.222,286.387,308.654,320.855,320.94,316.608,309.071,281.454,311.144,326.695,306.994,291.113,301.926,271.017,288.777,283.585,268.43,295.677,296.499,311.882,293.02,294.723,306.222,298.413,309.376,284.5,326.097,,312.554,306.31,315.326,303.153,291.201,313.382,282.75,306.125,,,,342.428,295.637,,316.175,335.036,308.256,311.741,299.177,295.429,294.365,296.548,315.903,312.96,304.496,304.495,,311.459,289.053,294.282,300.713,301.672,313.807,,321.572,295.2,313.099,321.888,302.895,325.998,296.464,,308.345,302.208,357.403,290.207,301.46,,,276.676,299.298,317.23,305.397,293.22,,,
929,"Central nervous system, visual system: Contralateral visual cortex (V1) shift in intrinsic response to contralateral eye stimulation after monocular deprivation of the contralateral eye from P28 to P35","Heimel JA, Hermans JM, Sommeijer JP; Neuro-Bsik Mouse Phenomics consortium, Levelt CN",2008,18700840,-0.073,-0.023,-0.092,0.047,,-0.072,,,,,,-0.013,,,,,,-0.069,,,,,,-0.056,,,-0.088,,-0.041,0.006,,,,,-0.06,0.015,,,,,,,,,,,,,,,,,,,,,,,,,,,,,,,,,,,,,,,,,,,,,,,,,,,,,,,,,,
925,"Central nervous system, visual system: Ocular dominance index (imaged ocular dominance index of undeprived mice at P35 given by (control_OD_contra - control_OD_ipsi) / (control_OD_contra+control_OD_ipsi) [ratio]","Heimel JA, Hermans JM, Sommeijer JP; Neuro-Bsik Mouse Phenomics consortium, Levelt CN",2008,18700840,0.409,0.474,0.368,0.571,,0.384,,0.74,0.408,,,0.48,,0.645,,0.404,,0.518,,,,,0.43,0.347,0.374,,0.365,0.405,0.373,0.426,,0.43,,,0.473,0.422,,,,,,,,,,,,,,,,,,,,,,,,,,,,,,,,,,,,,,,,,,,,,,,,,,,,,,,,,,
928,"Central nervous system, visual system: Ocular dominance index shift after monocular deprivation of the contralateral eye from P28 to P35","Heimel JA, Hermans JM, Sommeijer JP; Neuro-Bsik Mouse Phenomics consortium, Levelt CN",2008,18700840,-0.408,-0.304,-0.322,0.133,,-0.349,,,,,,-0.257,,-0.606,,,,-0.337,,,,,,0.057,-0.23,,-0.276,,-0.364,-0.242,,,,,-0.336,-0.195,,,,,,,,,,,,,,,,,,,,,,,,,,,,,,,,,,,,,,,,,,,,,,,,,,,,,,,,,,
930,"Central nervous system, visual system: Visual cortex (V1) activity, ipsilateral shift in intrinsic response to ipsilateral eye stimulation after monocular deprivation of the contralateral eye from P28 to P35","Heimel JA, Hermans JM, Sommeijer JP; Neuro-Bsik Mouse Phenomics consortium, Levelt CN",2008,18700840,0.104,0.033,0.045,-0.015,,0.055,,,,,,0.083,,,,,,0.036,,,,,,-0.037,,,0.048,,0.064,0.079,,,,,0.068,0.062,,,,,,,,,,,,,,,,,,,,,,,,,,,,,,,,,,,,,,,,,,,,,,,,,,,,,,,,,,
926,"Central nervous system, visual system: Visual cortex (V1) optical signal strength to stimulation of contralateral eye [intensity]","Heimel JA, Hermans JM, Sommeijer JP; Neuro-Bsik Mouse Phenomics consortium, Levelt CN",2008,18700840,0.325,0.146,0.26,0.301,,0.273,,0.131,0.265,,,0.303,,0.295,,0.518,,0.197,,,,,0.189,0.257,0.409,,0.328,0.317,0.211,0.275,,0.286,,,0.295,0.235,,,,,,,,,,,,,,,,,,,,,,,,,,,,,,,,,,,,,,,,,,,,,,,,,,,,,,,,,,
927,"Central nervous system, visual system: Visual cortex (V1) optical signal strength to stimulation of ipsilateral eye [intensity]","Heimel JA, Hermans JM, Sommeijer JP; Neuro-Bsik Mouse Phenomics consortium, Levelt CN",2008,18700840,0.14,0.059,0.119,0.085,,0.128,,0.021,0.124,,,0.111,,0.076,,0.217,,0.062,,,,,0.078,0.12,0.18,,0.157,0.137,0.095,0.114,,0.11,,,0.104,0.096,,,,,,,,,,,,,,,,,,,,,,,,,,,,,,,,,,,,,,,,,,,,,,,,,,,,,,,,,,
791,"Corticosterone in plasma, baseline control level [ng/ml]","Yang RJ, Mozhui K, Karlsson RM, Cameron HA, Williams RW, Holmes A.",2008,18185497,19.572,63.643,,,,,48.046,,16.76,9.61,,,,42.994,,,,33.048,,45.808,,,,,,,,,,,,,,66.803,,,,,,,,,,,,,,,,,,,,,,,,,,,,,,,,,,,,,,,,,,,,,,,,,,,,,,,,,,,,
790,"Corticosterone in plasma, level after a 10 min forced swim test (blood taken 30 min after stressor) [ng/ml]","Yang RJ, Mozhui K, Karlsson RM, Cameron HA, Williams RW, Holmes A.",2008,18185497,180.282,167.389,,,,,280.992,,302.05,108.79,,,,150.224,,,,294.586,210.1,256.259,,,,,,,,,,,,,,323.41,,,,,,,,,,,,,,,,,,,,,,,,,,,,,,,,,,,,,,,,,,,,,,,,,,,,,,,,,,,,
795,"Primary somatosensory cortex, posterior medial barrel subfield area [mm2, no adjustments]","Jan TA, Lu L, Li CX, Williams RW, Waters RS",2008,18179704,2,2.08,1.7,1.81,,,,1.96,,1.89,,,,,,,,,,,2,1.97,,,,,1.76,1.82,1.9,,,,,,1.73,2.02,,,2.38,1.82,,,,,2.15,,,,2.25,1.92,,1.96,2,,1.87,1.8,,1.88,,1.9,1.99,1.86,2.11,2.05,1.76,,1.71,,2.03,,,1.95,,1.8,2.06,,1.97,,2.07,2.05,2.09,,2.05,2.25,,,1.69,2.15,1.71,,,,,
825,"Primary somatosensory cortex, posterior medial barrel subfield, statistically adjusted for variation in brain weight [mm2]","Jan TA, Lu L, Li CX, Williams RW, Waters RS",2008,18179704,1.96,2.14,1.68,1.822,,,,1.928,,1.866,,,,,,,,,,,2.031,2,,,,,1.78,1.825,1.942,,,,,,1.771,1.955,,,2.353,1.761,,,,,2.095,,,,2.163,1.914,,1.929,1.942,1.577,1.876,1.86,,1.979,,1.871,1.942,1.903,2.014,2.041,1.693,,1.692,,1.982,,,1.95,,1.746,2.079,,1.885,,2.065,2.093,2.093,,1.954,2.246,,,1.564,2.105,1.724,,,,,
794,"Amygdala, basolateral complex (LaDL, LaVL, LaVM, BLP, and BLA), glial cell density [n/mm^3]","Mozhui K, Hamre KM, Holmes A, Lu L,  Williams RW",2007,17131200,28476,21240,38917,31885,27324,14627,16736,11461,44827,33476,39408,29326,5881,23344,15903,21626,17393,17351,12012,29319,14468,18041,18387,29748,15832,18953,22418,26687,26513,29121,31479,27871,47965,17975,23602,33304,,14832,,,,,,,,,,,,,,,,,,,,,,,,,,,,,,,,,,,,,,,,,,,,,,,,,,,,,,,,
632,"Amygdala, basolateral complex (LaDL, LaVL, LaVM, BLP, and BLA), glial cell number, unilateral without adjustment [n]","Mozhui K, Hamre KM, Holmes A, Lu L,  Williams RW",2007,17131200,17346,13806,25188,16368,15903,7126,10085,6991,26372,18533,19532,17495,3740,13739,9159,14141,8861,10742,15322,15338,9074,10652,10636,16779,7337,8966,14446,15896,15057,16763,16137,17002,25434,9028,12216,19195,,7626,,,,,,,,,,,,,,,,,,,,,,,,,,,,,,,,,,,,,,,,,,,,,,,,,,,,,,,,
,,,,,,,,,,,,,,,,,,,,,,,,,,,,,,,,,,,,,,,,,,,,,,,,,,,,,,,,,,,,,,,,,,,,,,,,,,,,,,,,,,,,,,,,,,,,,,,,,,