,rs4164131,rs4164761,rs13481642,rs13481643,rs13481641,rs13481636,rs3663172,D4Mit286,rs13480932,rs13477735,rs13483545,rs4151923,D16Mit88,rs4163042,rs13483541,rs3686467,D11Mit20,rs6169571,UT_11_44.038626,rs13480929,rs6307831,rs3706713,rs13477670,rs3725792,gnf04.041.337,rs3667755,rs4230879,rs6276391,rs8242766,D1Mit113,rs4230869,NES13033186,rs3722989,D1Mit328,rs13475907,rs6312657,rs13480935,rs3712541,rs3665818,rs6180964,NES13029525,rs13476241,rs13483543,rs13480951,rs3694836,rs4137302,rs3677232,rs3023251,rs13477678,D15Mit189,UT_4_58.126445,rs4136257,rs13483549,rs13477682,rs3690581,gnf12.013.284,rs3657682,rs3675987,rs3682996,rs13476250,D1Mit150,rs6239799,rs4224919,rs3685286,rs3672300,rs6243021,rs3699123,rs13478048,rs4140148,rs13478050,UT_3_90.000791,CEL-10_86185623,CEL-10_86482491,rs13478587,rs3696754,rs13478586,rs4229294,rs6191721,rs6284348,gnf07.011.425,D2Mit255,rs6374387,rs3686617,rs6221944,mCV25373751,rs13481357,UT_2_119.151187,rs3672220,rs13480796,rs13480795,rs3678312,rs3679406,rs13483499,gnf19.001.480,rs13483502,rs6295100,mCV25314100,rs3708411,rs3708635,rs13464858,CEL-13_105894110,rs3681990
Chr_Build37,16,16,12,12,12,12,12,4,11,4,19,16,16,16,19,19,11,11,11,11,11,11,4,4,4,15,15,15,1,1,15,1,1,1,1,1,11,4,12,12,1,1,19,11,4,1,11,11,4,15,4,19,19,4,4,12,12,4,1,1,1,4,4,3,3,3,3,4,4,4,3,10,10,5,5,5,12,10,5,7,2,2,2,10,10,12,2,7,10,10,13,13,19,19,19,7,19,5,2,13,13,13
Build37_position,14378705,15051845,110136560,110330976,109609891,108786162,109136782,43209772,28975003,61518987,17198568,13814545,13249057,13142434,15843736,16955951,44552713,44783606,44227084,28095396,42631877,42844127,42803507,44245672,44330250,78741347,79746550,81657104,172981863,173734611,79503135,173149434,66762987,67887876,68122013,69048454,29456156,59848202,26165834,16835276,174201925,174792335,16497187,33538734,45985764,65557819,24572749,20853304,45502303,82471605,58386897,15440659,18231112,46553371,62368291,15962185,15739388,147659225,175676881,176534628,176558864,56510056,144563168,81299107,77716617,84948288,82199891,149683530,149850458,150309624,87719794,85914426,86197004,148539066,145200213,147658808,26992470,91382291,144381934,17808155,123217396,125304785,122383806,89118121,90171935,27578331,118706767,19794683,121262478,120945957,108821881,108472544,3413095,4609414,4316396,17046685,4845967,136726448,125704535,109069839,109905657,110471636
BXD1,B,B,B,B,B,B,B,D,B,D,B,B,B,B,B,B,D,D,D,B,D,D,D,D,D,B,B,B,B,B,B,B,B,B,B,B,B,D,B,B,B,B,B,D,D,B,B,B,D,B,D,B,D,D,D,B,B,D,B,B,B,D,D,B,B,B,B,D,D,D,B,B,B,B,B,B,B,B,B,B,B,B,B,B,B,B,B,B,B,B,D,D,B,B,B,B,B,B,B,D,D,D
BXD2,D,D,B,B,B,B,B,B,D,B,B,D,D,D,B,B,D,D,D,D,D,D,B,B,B,B,D,D,D,D,D,D,B,B,B,B,D,B,D,D,D,D,B,D,B,B,D,D,B,D,B,B,B,B,B,D,D,B,D,D,D,B,B,B,B,B,B,B,B,B,B,D,D,D,D,D,D,D,D,D,B,B,B,D,D,D,B,D,D,D,B,B,B,B,B,D,B,B,B,B,B,B
BXD5,B,B,B,B,B,B,B,B,B,B,B,B,B,B,B,B,B,B,B,B,B,B,B,B,B,D,D,D,D,D,D,D,B,B,B,B,B,B,B,B,D,D,B,B,B,B,B,B,B,D,B,B,B,B,B,B,B,D,D,D,D,B,D,D,D,D,D,D,D,D,D,B,D,D,D,D,B,D,D,B,B,B,B,D,D,B,B,B,B,B,B,B,B,B,B,B,B,D,B,B,B,B
BXD6,D,D,D,D,D,D,D,B,D,B,D,D,D,D,D,D,D,D,D,D,D,D,B,B,B,B,B,B,B,B,B,B,D,D,D,D,D,B,B,B,B,B,D,D,B,D,D,D,B,B,B,D,D,B,B,B,B,B,B,B,B,B,B,B,B,B,B,B,B,B,B,D,D,B,D,B,B,D,D,D,B,B,B,D,D,B,B,D,D,D,D,D,D,D,D,D,D,D,B,D,D,D
BXD8,B,B,B,B,B,B,B,B,B,B,D,B,B,B,D,D,B,B,B,B,B,B,B,B,B,D,D,D,B,D,D,D,D,D,D,D,B,B,B,D,D,D,D,B,B,D,B,B,B,D,B,D,D,B,B,D,D,D,D,D,D,B,D,B,B,B,B,D,D,D,B,D,D,D,D,D,B,D,D,B,D,D,D,D,D,B,D,B,B,B,B,B,D,D,D,B,D,D,D,B,B,B
BXD9,B,B,D,D,D,D,D,B,B,B,B,B,B,B,B,B,B,B,B,B,B,B,B,B,B,D,D,D,D,D,D,D,B,B,B,B,B,B,D,D,D,D,B,B,B,B,B,D,B,D,B,B,B,B,B,D,D,B,D,D,D,B,B,B,B,B,B,B,B,B,B,B,B,D,D,D,D,B,D,B,B,D,B,B,B,D,B,B,B,B,D,D,B,B,B,B,B,D,D,D,D,D
BXD11,D,D,D,D,D,D,D,B,B,B,D,D,D,D,D,D,B,B,B,B,B,B,B,B,B,B,B,B,D,D,B,D,B,B,B,B,B,B,D,D,D,D,D,B,B,B,B,B,B,B,B,D,D,B,B,D,D,B,D,D,D,B,B,D,D,D,D,B,B,B,D,D,D,D,D,D,D,D,D,B,D,D,D,D,D,D,D,B,B,B,D,D,B,B,B,B,B,D,B,D,D,D
BXD12,B,B,D,D,D,D,D,B,B,B,B,B,B,B,B,B,D,D,D,B,D,D,B,B,B,B,B,B,B,B,B,B,B,B,B,B,B,B,D,D,B,B,B,B,B,B,B,B,B,B,B,B,B,B,B,D,D,D,B,B,B,B,D,B,B,B,B,D,D,D,B,B,B,D,D,D,D,B,D,B,D,D,D,B,B,D,D,B,B,B,D,D,B,B,B,B,B,D,D,D,D,D
BXD13,B,B,B,D,B,D,D,D,D,D,D,B,B,B,D,D,D,D,D,D,D,D,D,D,D,D,D,D,B,B,D,B,B,B,B,B,D,D,B,B,B,B,D,D,D,B,D,D,D,D,D,D,D,D,D,B,B,D,B,B,B,D,D,B,B,B,B,D,D,D,B,B,B,D,D,D,D,B,D,B,B,B,B,B,B,D,B,B,B,D,B,B,B,B,B,B,B,D,B,B,B,B
BXD14,D,D,B,B,B,B,B,B,D,B,B,D,D,D,B,B,D,D,D,D,D,D,B,B,B,D,D,D,B,B,D,B,B,B,B,B,D,B,B,B,B,B,B,D,B,B,D,D,B,D,B,B,B,B,B,D,D,D,B,B,B,B,D,B,B,B,B,D,D,D,B,D,D,D,D,D,B,D,B,D,B,B,B,D,D,B,B,D,B,B,D,D,B,B,B,D,B,B,B,D,D,D
BXD15,B,B,D,D,D,D,D,B,D,D,B,B,B,B,B,B,D,D,D,D,D,D,B,B,D,D,D,D,B,B,D,B,D,D,D,D,D,D,B,B,B,B,B,D,D,D,D,D,D,D,D,B,B,D,D,B,B,B,B,B,B,D,B,D,D,D,D,B,B,B,D,B,B,B,B,B,B,B,B,B,D,D,D,B,B,B,D,B,B,B,B,B,B,B,B,B,B,B,D,B,B,B
BXD16,B,B,D,D,D,D,D,B,B,B,D,B,B,B,D,D,B,B,B,B,B,B,B,B,B,B,B,B,B,B,B,B,B,B,B,B,B,B,B,B,B,B,D,B,B,D,B,B,B,B,B,D,D,B,B,B,B,D,B,B,B,B,D,B,B,B,B,D,D,D,B,D,D,D,D,D,B,D,D,B,D,D,D,D,D,B,D,B,D,D,D,D,B,B,B,B,B,D,D,D,D,D
BXD18,D,D,B,B,B,B,B,B,D,B,B,D,D,D,B,B,D,D,D,D,D,D,B,B,B,D,D,D,B,B,D,B,B,B,B,B,D,B,B,B,B,B,B,D,B,B,D,D,B,D,B,B,B,B,B,B,B,D,B,B,B,B,D,B,B,B,B,D,D,D,B,D,D,B,B,B,B,D,B,B,D,D,D,D,D,B,D,B,D,D,B,B,B,B,B,B,B,B,D,B,B,B
BXD19,D,D,B,B,B,B,B,B,D,B,B,D,D,D,B,B,B,B,B,D,B,B,B,B,B,B,D,D,B,B,B,B,D,D,D,B,D,B,B,B,B,B,B,D,B,D,D,D,B,D,B,B,B,B,B,B,B,B,B,B,B,B,B,B,B,B,B,B,B,B,B,B,B,D,D,D,B,B,D,B,D,D,D,B,B,B,D,B,D,D,D,D,B,B,B,B,B,D,D,D,D,D
BXD20,D,D,D,D,D,D,D,B,D,B,D,D,D,D,D,D,B,B,B,D,B,B,B,B,B,D,D,D,B,B,D,B,B,B,B,B,D,B,D,D,B,B,D,D,B,B,D,D,B,D,B,D,D,B,B,D,D,B,B,B,B,B,B,B,B,B,B,B,B,B,B,B,B,D,D,D,D,B,D,B,D,D,D,B,B,D,D,B,D,D,D,D,B,B,B,B,B,D,D,D,D,D
BXD21,B,B,B,B,B,B,B,D,B,D,B,B,B,B,B,B,B,B,B,B,B,B,D,D,D,D,D,D,B,B,D,B,B,B,B,B,B,D,D,D,B,B,B,B,D,B,B,B,D,D,D,B,B,D,D,D,D,D,B,B,B,D,D,D,D,D,D,D,D,D,D,D,D,B,B,B,D,D,B,B,D,D,D,D,D,D,D,B,D,D,D,D,B,B,B,B,B,D,D,D,D,D
BXD22,B,B,B,B,B,B,B,D,B,D,B,B,B,B,B,B,B,B,B,B,B,B,D,D,D,D,D,D,D,D,D,D,D,D,D,D,B,D,D,D,D,D,B,B,D,B,B,B,D,D,D,B,B,D,D,D,D,B,D,D,D,D,B,D,D,D,D,B,B,B,D,B,B,B,B,B,D,B,B,B,B,B,B,B,B,D,B,B,B,B,D,D,B,B,B,B,B,D,B,D,D,D
BXD23,D,D,B,B,B,B,B,B,B,B,B,D,D,D,D,B,B,B,B,B,B,B,B,B,B,B,B,B,B,B,B,B,B,B,B,B,B,B,D,D,B,B,D,B,B,B,B,D,B,B,B,D,B,B,B,D,D,B,B,B,B,B,B,B,B,B,B,B,B,B,B,D,D,D,D,D,D,D,B,B,D,D,D,D,D,D,D,B,D,D,D,D,D,D,D,B,D,B,D,D,D,D
BXD24,D,D,D,D,D,D,D,D,D,D,B,D,D,D,B,B,B,B,B,D,B,B,D,D,D,D,D,D,D,D,D,D,B,B,B,B,D,D,D,D,D,D,B,D,D,B,D,D,D,D,D,D,B,D,D,D,D,B,D,D,D,D,B,B,B,B,B,B,B,B,B,D,D,D,D,D,D,D,D,B,D,D,D,D,D,D,D,B,D,D,D,D,D,D,D,B,D,D,D,D,D,D
BXD25,D,D,D,D,D,D,D,D,B,D,B,D,D,D,B,B,B,B,B,B,B,B,D,D,D,B,B,B,D,D,B,D,D,D,D,D,B,D,B,B,D,D,B,B,D,D,B,B,D,B,D,B,B,D,D,B,B,B,D,D,D,D,B,D,D,D,D,B,B,B,D,D,D,B,B,B,B,D,B,B,B,B,B,D,D,B,B,B,D,D,B,B,B,B,B,B,B,D,B,B,B,B
BXD27,B,B,D,D,D,D,D,B,D,B,D,B,B,B,D,D,D,D,D,D,D,D,B,B,B,D,D,D,D,D,D,D,D,D,D,D,D,B,D,D,D,D,D,D,B,D,D,D,B,D,B,D,D,B,D,D,D,D,D,D,D,B,D,B,B,B,B,B,B,B,B,D,D,B,B,B,D,D,B,B,D,D,D,D,D,D,D,B,B,B,D,D,D,D,D,B,D,B,D,D,D,D
BXD28,B,B,D,D,D,D,D,B,D,B,B,B,B,B,B,B,D,D,D,D,D,D,B,B,B,D,D,D,D,D,D,D,D,D,D,D,D,B,B,B,D,D,B,D,B,D,D,D,B,D,B,B,B,B,B,B,B,D,D,D,D,B,D,D,D,D,D,D,D,D,D,D,D,B,B,B,B,D,B,D,D,D,D,D,D,B,D,D,D,D,D,D,D,D,D,D,B,B,D,D,D,D
BXD29,D,D,B,B,B,B,B,B,D,B,B,D,D,D,B,B,D,D,D,D,D,D,B,B,B,B,B,B,B,B,B,B,D,D,D,D,B,B,B,B,B,B,B,D,B,D,D,D,B,B,B,B,B,B,B,B,B,B,D,D,D,B,B,B,B,B,B,B,B,B,B,B,B,B,B,B,B,B,B,B,D,D,D,B,B,B,D,B,B,B,B,B,B,B,B,B,B,B,D,B,B,B
BXD30,D,D,D,D,D,D,D,D,D,B,D,D,D,D,D,D,B,B,B,D,B,B,D,D,D,D,D,D,D,D,D,D,D,D,D,D,D,B,B,B,D,D,D,D,D,D,D,D,D,D,B,D,D,D,B,B,B,D,D,D,D,D,D,D,D,D,D,D,D,D,D,B,B,D,D,D,B,B,D,B,D,D,D,B,B,B,D,B,B,B,B,B,B,B,B,B,B,D,D,B,B,B
BXD31,B,B,D,D,D,D,D,B,D,B,B,B,B,B,B,B,D,D,D,D,D,D,B,B,B,D,D,D,B,B,D,B,B,B,B,B,D,B,B,B,B,B,B,D,B,B,D,D,B,D,B,B,B,B,B,B,B,B,B,B,B,B,B,B,B,B,B,B,B,B,B,B,B,B,B,B,B,B,B,D,B,B,B,B,B,B,B,D,D,D,D,D,B,B,B,D,B,B,B,D,D,D
BXD32,D,D,D,D,D,D,D,B,D,B,B,D,D,D,B,B,D,D,D,D,D,D,B,B,B,B,B,B,D,D,B,D,D,D,D,D,D,B,D,D,D,D,B,D,B,D,D,D,B,D,B,B,B,B,B,D,D,D,D,D,D,B,D,B,B,B,B,D,D,D,B,D,D,D,D,D,D,D,D,D,B,B,B,D,D,D,D,D,D,D,D,D,D,D,D,D,D,D,B,D,D,D
BXD33,D,D,D,D,D,D,D,B,B,B,D,D,D,D,D,D,B,B,B,B,B,B,B,B,B,D,D,D,B,B,D,B,D,D,D,D,B,B,D,D,B,B,D,B,B,D,B,B,B,D,B,D,D,B,B,D,D,B,B,B,B,B,B,D,D,D,D,B,B,B,D,B,B,D,D,D,D,D,D,B,B,B,B,D,D,D,B,B,D,D,D,D,B,B,B,B,B,D,B,D,D,D
BXD34,D,D,B,B,B,B,B,B,D,B,B,D,D,D,B,B,D,D,D,D,D,D,B,B,B,D,D,D,D,D,D,D,D,D,D,D,D,B,D,D,D,D,B,D,B,D,D,D,B,D,B,B,B,B,B,D,D,D,D,D,D,B,D,D,D,D,D,D,D,D,D,D,D,B,B,B,D,D,B,B,B,B,B,D,D,D,B,B,D,D,B,B,D,D,D,B,D,B,B,B,B,B
BXD35,D,D,D,D,D,D,D,B,D,B,D,D,D,D,D,D,D,D,D,D,D,D,B,B,B,B,B,B,B,B,B,B,B,B,B,B,D,B,B,B,B,B,D,D,B,B,D,D,B,B,B,D,D,B,B,B,B,D,B,B,B,B,D,D,D,D,D,D,D,D,D,B,B,D,D,D,B,D,D,D,B,B,B,B,D,B,B,D,B,B,D,D,D,D,D,D,D,D,B,D,D,D
BXD36,D,D,B,B,B,B,B,D,B,D,D,D,D,D,D,D,B,B,B,B,B,B,D,D,D,D,D,D,B,B,D,B,D,D,D,D,B,D,D,D,B,B,D,B,D,D,B,B,D,D,D,D,D,D,D,D,D,B,B,B,B,D,B,D,D,D,D,B,B,D,D,D,D,B,B,B,D,D,B,D,D,D,D,D,D,D,D,D,D,D,D,D,B,B,B,D,B,B,D,D,D,D
BXD37,D,D,D,D,D,D,D,D,B,D,D,D,D,D,D,D,B,B,B,B,B,B,D,D,D,B,B,B,D,D,B,D,D,D,D,D,B,D,D,D,D,D,D,B,D,D,B,B,D,B,D,D,D,D,D,D,D,D,D,D,D,D,D,D,D,D,D,D,D,D,D,D,D,D,D,D,D,D,D,B,D,D,D,D,D,D,D,B,B,B,D,D,D,D,D,B,D,B,D,D,D,D
BXD38,D,D,D,D,D,D,D,D,D,B,D,D,D,D,D,D,D,D,D,D,D,D,D,D,D,D,D,D,B,B,D,B,B,B,B,B,D,B,B,B,B,B,D,D,D,B,D,D,D,D,B,D,D,D,B,B,B,B,B,B,B,B,B,D,D,D,D,B,B,B,D,B,B,B,B,B,B,B,B,B,D,D,D,B,B,B,D,B,B,B,B,B,D,D,D,B,D,B,D,B,B,B
BXD39,D,D,D,D,D,D,D,D,B,B,D,D,D,D,D,D,B,B,B,B,B,B,D,D,D,B,B,B,D,D,B,D,D,D,D,D,B,B,D,D,D,D,D,B,D,D,B,B,D,B,B,D,D,D,B,D,D,B,D,D,D,B,B,D,D,D,D,B,B,B,D,D,D,D,D,D,D,D,D,D,B,B,B,D,D,D,B,B,B,B,B,B,D,D,D,D,D,D,B,B,B,B
BXD40,B,B,D,D,D,D,D,B,B,B,B,B,B,B,B,B,B,B,B,B,B,B,B,B,B,D,D,D,B,B,D,B,B,B,B,B,B,B,D,D,B,B,B,B,B,B,B,B,B,D,B,B,B,B,B,D,D,B,B,B,B,B,B,B,B,B,B,B,B,B,B,B,B,D,D,D,D,B,D,B,D,D,D,B,B,D,D,B,B,B,B,B,B,B,B,B,B,D,D,B,B,B
BXD41,B,B,B,B,B,B,B,D,D,D,D,B,B,B,D,D,D,D,D,D,D,D,D,D,D,B,B,B,B,B,B,B,B,B,B,B,D,D,B,B,B,B,D,D,D,B,B,B,D,B,D,D,D,D,D,B,B,D,B,B,B,D,D,B,B,B,B,D,D,D,B,B,B,D,D,D,B,B,D,B,B,B,B,B,B,B,B,B,D,D,B,B,B,D,D,B,D,D,B,B,B,B
BXD42,D,D,B,B,B,B,B,B,D,B,B,D,D,D,B,B,D,D,D,D,D,D,B,B,B,B,B,B,B,B,B,B,D,D,D,D,D,B,D,D,B,B,B,D,B,D,D,D,B,B,B,B,B,B,B,D,D,D,B,B,B,B,D,B,B,B,B,D,D,D,B,D,D,D,D,D,D,D,D,D,D,D,D,D,D,D,D,D,D,D,D,D,B,B,B,D,B,D,D,D,D,D
BXD43,B,B,D,D,D,D,D,D,B,D,B,B,B,B,B,B,B,B,B,B,B,B,D,D,D,D,D,D,D,D,D,D,D,D,D,D,B,D,D,D,D,D,B,B,D,D,B,B,D,D,D,B,B,D,D,D,D,B,D,D,D,D,B,D,D,D,D,B,B,B,D,D,D,D,D,D,D,B,D,B,B,B,B,B,B,D,B,B,B,B,B,B,D,D,D,B,D,D,B,B,B,B
BXD44,D,D,D,D,D,D,D,D,B,D,D,D,D,D,D,D,B,B,B,D,B,B,D,D,D,B,B,B,D,D,B,D,B,B,B,B,B,B,D,D,D,D,D,B,D,B,D,D,D,B,B,D,D,D,D,D,D,B,D,D,D,D,B,D,D,D,D,B,B,B,D,B,B,B,B,B,D,B,D,B,B,B,B,B,B,D,B,B,D,D,D,D,D,D,D,B,D,B,B,D,D,D
BXD45,D,D,B,B,B,B,B,D,D,D,B,D,D,D,B,B,B,B,B,D,B,B,D,D,D,D,D,D,B,B,D,B,B,B,B,B,D,D,D,D,B,B,B,D,D,B,D,D,D,D,D,B,B,D,D,D,D,D,B,B,B,D,D,B,B,B,B,D,D,D,B,D,D,D,D,D,D,D,D,B,B,B,B,D,D,D,B,B,B,B,B,B,B,B,B,B,B,D,B,B,B,B
BXD48,B,B,D,D,D,D,D,D,B,B,B,B,B,B,B,B,D,D,D,B,D,D,D,D,D,B,B,B,D,D,B,D,D,D,D,D,B,B,B,B,D,D,B,B,D,D,B,B,D,B,B,B,B,D,B,B,B,B,D,D,D,B,B,D,D,D,D,B,B,B,D,B,B,D,D,D,B,B,D,B,B,B,B,B,B,B,B,B,D,D,B,B,D,D,D,B,D,D,B,B,B,B
BXD49,B,B,B,B,B,B,B,D,D,D,B,B,B,B,B,B,D,D,D,D,D,D,D,D,D,B,B,B,B,B,B,B,D,D,D,D,D,D,B,B,B,B,B,D,D,D,D,D,D,B,D,B,B,D,D,B,B,B,B,B,B,D,B,B,B,B,B,D,D,D,B,B,B,D,D,D,B,B,D,B,B,B,B,B,B,B,B,B,B,B,D,D,B,D,B,B,D,D,B,D,D,B
BXD50,D,D,D,D,D,D,D,D,B,D,D,D,D,D,D,D,B,B,B,B,B,B,D,D,D,B,B,B,D,D,B,D,D,D,D,D,B,D,B,B,D,D,D,B,D,D,D,D,D,B,D,D,D,D,D,B,B,B,D,D,D,D,B,D,D,D,D,B,B,B,D,B,B,D,D,D,D,B,D,B,D,D,D,B,B,D,D,B,B,B,D,D,B,B,B,B,B,D,D,D,D,D
BXD51,B,B,D,D,D,B,D,D,B,D,D,B,B,B,D,D,B,B,B,B,B,B,D,D,D,D,D,D,B,B,D,B,B,B,B,B,B,D,B,B,B,B,D,B,D,B,B,B,D,D,D,D,D,D,D,B,B,B,B,B,B,D,B,D,D,D,D,B,B,B,D,D,D,B,B,B,B,B,B,B,B,B,B,D,D,B,B,B,B,D,B,B,B,B,B,B,B,B,B,B,B,B
BXD52,D,D,B,B,B,B,B,D,D,D,B,D,D,D,B,B,B,B,B,D,B,B,D,D,D,D,D,D,D,D,D,D,D,D,D,D,D,D,D,B,D,D,B,D,D,D,D,D,D,D,D,B,B,D,D,B,B,D,D,D,D,D,D,D,D,D,D,D,B,B,D,B,B,B,D,B,B,B,D,B,D,D,D,B,B,B,D,B,B,B,B,B,B,B,B,B,B,D,D,B,B,B
BXD53,D,D,D,D,D,D,D,B,D,D,D,B,B,B,D,D,B,B,B,D,B,B,B,B,B,B,B,B,B,B,B,B,D,D,D,D,D,D,B,B,B,B,D,D,D,D,D,D,B,B,D,D,D,D,D,B,D,D,B,B,B,D,D,D,D,D,D,D,D,D,D,B,B,D,D,D,B,B,D,B,D,D,D,B,B,B,D,B,B,B,D,D,B,B,B,B,B,B,D,D,D,D
BXD54,D,D,D,D,D,D,D,B,D,D,D,B,B,B,D,D,B,B,B,D,B,B,B,B,B,B,B,B,H,H,B,H,D,D,D,D,D,D,B,B,H,H,D,D,D,D,D,D,B,B,D,D,D,D,D,B,D,D,B,B,B,D,D,D,D,D,D,D,D,D,D,B,B,D,D,D,B,B,D,B,D,D,D,B,B,B,D,B,B,B,D,D,B,B,B,B,B,B,D,D,D,D
BXD55,H,B,B,B,B,B,B,B,D,B,B,H,B,B,B,B,B,B,B,D,B,D,B,D,D,B,B,B,B,B,B,B,B,B,B,B,D,B,D,D,B,B,B,D,D,B,D,D,D,B,B,B,B,D,D,D,D,D,B,B,B,D,D,D,D,D,D,D,D,D,D,B,B,D,D,D,D,B,D,D,B,B,B,B,B,D,B,D,B,B,D,B,D,D,D,D,D,D,B,D,D,D
BXD56,D,D,D,D,D,D,D,D,D,D,B,D,D,D,B,B,D,D,D,D,D,D,D,D,D,H,H,H,B,B,H,B,H,H,H,H,D,D,H,H,B,B,B,D,D,H,D,D,D,H,D,B,B,D,D,H,H,D,B,B,B,D,B,H,H,H,H,B,B,B,B,B,B,D,D,D,H,B,D,H,D,D,D,B,B,H,D,H,B,B,B,B,B,B,B,H,B,D,D,B,B,B
BXD59,D,D,D,D,D,D,D,D,D,D,B,D,D,D,B,B,D,D,D,D,D,D,D,D,D,B,B,B,D,D,B,D,D,D,D,D,D,D,B,B,D,D,B,D,D,D,D,D,D,B,D,B,B,D,D,B,B,D,D,D,D,D,D,B,B,B,B,D,D,D,B,B,B,B,D,B,B,B,D,D,D,D,D,B,B,B,D,D,B,B,B,B,B,B,B,D,B,D,D,B,B,B
BXD60,D,D,B,B,B,B,B,D,D,D,D,D,D,D,D,D,D,D,D,D,D,D,D,D,D,B,B,B,D,D,B,D,B,B,B,B,D,D,D,D,D,D,D,D,B,B,D,D,B,B,B,D,D,B,D,D,D,B,D,D,D,B,B,B,B,B,B,B,B,B,B,B,B,D,D,D,D,B,D,D,B,B,B,B,B,D,B,D,D,D,D,D,D,D,D,D,D,D,B,D,D,D
BXD61,B,B,B,B,B,B,B,B,B,D,D,B,B,B,D,D,B,B,B,B,B,B,B,B,B,D,D,D,D,D,D,D,D,D,D,D,B,D,B,B,D,D,H,B,B,D,B,B,B,D,D,D,D,B,D,B,B,B,D,D,D,D,B,B,B,B,B,B,B,B,B,B,B,D,D,D,B,B,B,D,D,D,D,B,B,B,D,D,B,B,D,D,D,D,D,D,D,B,D,D,D,D
BXD62,B,B,B,B,B,B,B,B,B,D,D,B,B,B,D,D,B,B,B,B,B,B,B,B,B,B,B,B,B,B,B,B,D,D,D,D,B,D,B,B,D,D,D,B,B,D,B,B,B,B,D,D,D,B,D,B,B,B,D,D,D,D,B,B,B,B,B,D,D,D,B,B,B,B,B,B,B,B,B,B,D,D,D,B,B,B,D,B,D,D,D,D,D,D,D,D,D,B,D,D,D,D
BXD63,B,B,H,H,H,H,H,B,B,B,D,B,B,B,D,D,B,B,B,B,B,B,B,B,B,D,D,D,B,B,D,B,D,D,D,D,B,B,B,B,B,B,D,B,B,D,B,B,B,D,B,D,D,B,B,B,B,B,B,B,B,B,B,D,D,D,D,B,B,B,D,D,D,B,B,B,B,D,B,D,B,B,B,D,D,B,B,D,B,B,B,B,D,B,B,D,B,B,B,B,D,D
BXD64,B,B,D,D,D,D,D,D,B,D,B,B,B,B,B,B,D,D,D,B,D,D,D,D,D,D,D,D,D,D,D,D,D,D,D,D,B,D,B,B,D,D,B,B,D,D,B,B,D,D,D,B,B,D,B,B,B,B,D,B,B,D,B,B,B,B,B,D,D,D,B,B,B,B,B,B,B,B,B,D,D,D,D,B,B,B,D,D,B,B,D,D,D,D,D,D,D,D,D,D,D,D
BXD65,B,B,B,B,B,B,B,D,B,D,B,B,B,B,B,B,B,B,B,B,B,B,D,D,D,D,D,D,B,B,D,B,B,B,B,B,B,D,B,B,B,B,B,B,D,B,B,B,D,D,D,B,D,D,D,B,B,B,B,B,B,D,B,B,B,B,B,B,B,B,B,B,B,D,D,D,B,B,D,B,D,D,D,B,B,B,D,B,B,B,B,B,B,B,B,B,B,D,D,B,B,B
BXD66,B,B,D,D,D,D,D,D,B,D,D,B,B,B,D,D,B,B,B,B,B,B,D,D,D,D,D,D,B,B,D,B,D,D,D,D,B,D,B,B,B,B,D,B,D,D,B,B,D,D,D,D,D,D,D,B,B,B,B,B,B,D,B,H,H,B,B,B,B,B,B,B,B,D,D,D,B,B,D,B,D,D,D,B,B,B,D,B,B,B,B,B,D,D,D,B,D,B,D,B,B,B
BXD67,B,B,H,H,D,D,D,D,B,D,B,B,B,B,B,B,D,D,D,B,D,D,D,D,D,D,D,D,B,B,D,B,D,D,D,D,B,D,B,B,B,B,B,B,D,D,B,B,D,D,D,B,B,D,D,B,B,B,B,B,B,D,B,D,D,D,D,B,B,B,D,D,D,D,D,D,B,B,D,B,B,B,B,B,B,B,B,B,D,D,D,D,D,B,B,D,B,B,B,D,D,D
BXD68,D,D,B,B,B,B,B,D,H,D,D,D,D,D,D,D,H,H,H,H,H,H,D,D,D,D,D,D,B,B,D,B,D,D,D,D,H,D,B,B,B,B,D,H,D,D,H,H,D,D,D,D,D,D,D,B,B,B,D,D,D,D,B,B,B,B,B,B,B,B,B,D,D,D,D,D,B,B,D,B,B,B,B,B,B,B,B,B,B,B,B,B,B,B,B,B,B,D,B,B,B,B
BXD69,D,D,B,B,B,B,B,B,B,D,B,D,D,D,B,B,B,B,B,B,B,B,B,B,B,D,D,D,D,D,D,D,H,H,H,H,B,D,D,D,D,D,B,B,B,H,B,B,B,D,D,B,B,B,D,D,D,D,D,D,D,B,D,B,B,B,B,D,D,D,B,D,D,D,D,D,D,D,D,B,B,B,B,D,D,D,B,B,D,D,B,B,B,B,B,B,B,D,B,D,D,D
BXD70,H,H,B,B,B,B,B,D,B,D,D,D,D,D,D,D,B,B,B,B,B,B,D,D,D,D,D,D,B,B,D,B,B,B,B,B,B,D,D,D,B,B,D,B,D,B,B,B,D,D,D,D,D,D,D,D,D,D,B,B,B,D,D,B,B,D,D,B,B,B,D,B,B,B,B,B,D,B,B,B,H,H,H,B,B,B,H,B,B,B,D,D,D,D,D,D,D,B,H,D,D,D
BXD71,D,D,B,B,B,B,B,B,D,D,B,D,D,D,B,B,B,B,B,D,B,B,B,B,B,D,D,D,D,D,D,D,B,B,B,B,D,D,D,D,D,D,B,D,B,B,D,D,B,D,D,B,B,B,D,D,D,D,B,B,B,D,D,D,D,D,D,D,D,D,D,B,B,B,B,B,B,B,B,B,B,B,B,B,B,B,B,B,B,B,D,D,B,B,B,B,B,B,B,D,D,D
BXD72,D,D,H,H,H,H,H,B,B,B,B,D,D,D,B,B,B,B,B,B,B,B,B,B,B,B,B,B,B,B,B,B,B,B,B,B,B,B,B,B,B,B,B,B,B,B,D,D,B,B,B,B,B,B,B,B,B,B,B,B,B,B,B,D,D,D,D,B,B,B,D,B,B,D,D,D,B,B,D,H,h,H,H,B,B,B,H,H,B,B,D,D,B,B,B,H,B,B,H,D,D,D
BXD73,D,D,D,D,D,D,D,H,D,D,B,D,D,D,B,B,D,D,D,D,D,D,H,H,H,D,D,D,B,B,D,B,D,D,D,D,D,D,D,D,B,B,B,D,D,D,D,D,H,D,D,B,B,D,D,D,D,D,B,B,B,D,D,D,D,D,D,D,D,D,B,B,B,B,B,B,B,B,B,B,B,B,B,B,B,B,B,B,B,B,D,D,B,B,B,B,B,B,B,D,D,D
BXD74,D,D,H,H,H,H,H,D,D,D,D,D,D,D,D,D,D,D,D,D,D,D,D,D,D,D,D,D,D,D,D,D,B,B,B,B,D,D,D,D,D,D,D,D,D,B,D,D,D,D,D,D,D,D,D,D,D,D,D,D,D,D,D,B,B,B,B,D,D,D,D,B,B,D,D,D,D,B,D,B,B,B,B,B,B,D,B,B,B,B,B,B,D,D,D,D,D,B,B,B,B,B
BXD75,B,B,B,B,B,B,B,B,B,D,D,B,B,B,D,D,D,D,D,B,D,D,B,B,B,D,D,D,D,D,D,D,D,D,D,D,B,D,B,B,D,D,D,B,B,D,B,B,B,D,D,D,D,B,D,B,B,B,D,D,D,D,B,B,B,B,B,B,B,B,B,D,D,D,D,D,B,H,D,D,D,D,D,D,D,B,B,D,D,D,B,B,B,B,B,D,B,B,D,B,B,B
BXD76,D,D,D,D,D,D,D,B,B,B,D,D,D,D,D,D,B,B,B,D,B,B,B,B,B,B,B,B,B,B,B,B,B,B,B,B,B,B,B,B,B,B,D,B,B,B,D,D,B,B,B,D,D,B,B,B,B,B,B,B,B,B,B,D,D,D,D,B,B,B,D,B,B,D,D,D,B,B,B,B,D,D,D,B,B,B,D,B,B,B,B,B,B,B,B,B,B,B,D,B,B,B
BXD77,D,D,D,D,D,D,D,B,B,D,D,D,D,D,D,D,D,D,D,B,D,D,B,B,B,B,B,B,D,D,B,D,D,D,D,D,B,D,D,D,D,D,D,B,B,D,B,B,B,B,D,D,D,B,D,D,H,B,D,D,D,D,B,B,B,B,B,B,B,B,B,D,D,D,D,D,D,D,D,B,B,B,B,D,D,D,B,B,B,B,B,B,D,D,D,D,D,B,B,B,B,B
BXD78,D,D,D,D,D,D,D,B,B,D,B,D,D,D,B,B,B,B,B,D,B,B,B,B,B,D,B,B,D,D,B,D,B,B,B,B,B,D,B,B,D,D,B,B,B,B,D,H,B,B,D,B,B,D,D,B,B,B,B,B,B,D,B,B,B,B,B,B,B,B,B,B,B,B,B,B,B,B,B,B,B,B,B,B,B,B,B,B,B,B,B,B,B,B,B,B,B,B,B,B,B,B
BXD79,B,B,D,D,D,D,D,D,B,B,D,B,B,B,D,D,D,D,D,B,D,D,D,D,D,B,B,B,B,B,B,B,D,D,D,D,B,B,B,B,B,B,D,B,D,D,B,B,D,B,B,D,D,D,D,B,B,D,B,B,B,D,D,B,B,B,B,D,D,D,B,B,B,D,D,D,B,B,D,B,D,D,D,B,B,B,D,B,D,D,B,B,D,D,D,B,D,B,D,B,B,B
BXD80,D,D,D,D,D,D,D,D,D,D,B,D,D,D,B,B,D,D,D,D,D,D,D,D,D,B,B,B,B,B,B,B,B,B,B,B,D,D,D,D,B,B,B,D,D,B,D,D,D,B,D,B,B,D,D,D,D,D,B,B,B,D,D,D,D,D,D,D,D,D,B,B,B,B,B,B,B,B,B,B,B,B,B,B,B,B,B,B,B,B,D,D,B,B,B,B,B,B,B,D,D,D
BXD81,D,D,D,D,D,D,D,B,D,B,B,D,D,D,B,B,D,D,D,D,D,D,B,B,B,H,H,H,H,D,H,H,H,D,H,H,D,B,D,D,H,H,B,D,B,H,D,D,B,H,B,B,B,B,D,D,D,D,H,H,D,B,D,D,B,D,D,D,D,D,D,B,B,D,D,H,D,H,D,B,B,B,B,B,D,D,B,B,B,B,D,D,D,D,D,H,D,B,B,D,D,H
BXD83,B,B,B,B,B,B,B,H,B,D,D,B,B,B,D,D,B,B,B,B,B,B,D,D,D,B,B,B,D,D,B,D,D,D,D,D,B,D,B,B,D,D,D,B,B,D,B,B,D,B,D,D,D,B,D,B,B,D,D,D,D,D,D,B,B,B,B,D,D,D,B,B,B,D,D,D,B,B,D,D,D,D,D,B,B,B,D,D,B,B,B,B,B,B,B,D,B,B,D,B,B,B
BXD84,D,D,D,D,D,D,D,D,D,D,B,D,D,D,B,B,B,B,B,D,D,B,D,D,D,D,D,D,B,B,D,B,D,D,D,D,D,D,D,D,B,D,B,D,D,D,B,B,D,D,D,B,B,D,D,D,D,H,D,D,D,D,H,D,D,D,D,H,H,H,D,B,B,D,D,D,D,B,D,D,D,D,D,B,B,D,D,D,B,B,D,D,B,B,B,D,B,B,D,D,D,D
BXD85,D,D,B,B,B,B,B,B,D,D,B,D,D,D,B,B,D,D,H,D,D,H,B,B,B,D,D,D,B,B,D,B,B,B,B,B,D,D,D,D,B,B,B,D,B,B,D,D,B,D,D,B,B,B,D,D,D,D,B,B,B,D,D,D,D,D,D,D,D,D,D,B,B,B,B,B,D,B,B,B,B,B,B,B,B,D,B,B,B,B,D,D,B,B,B,B,B,B,B,D,D,D
BXD86,D,D,B,B,B,B,B,B,B,B,B,D,D,D,B,B,B,B,B,B,B,B,B,B,B,D,D,D,D,D,D,D,D,D,D,D,B,B,D,D,D,D,B,B,B,D,D,D,B,D,B,B,B,B,B,D,D,B,D,D,D,B,B,D,D,D,D,B,B,B,D,B,B,B,B,B,D,B,B,B,B,B,B,B,B,D,B,B,B,B,B,B,B,B,B,B,B,B,B,B,B,B
BXD87,B,B,D,D,D,D,D,H,B,B,D,B,B,B,D,D,D,D,D,B,D,D,H,H,H,B,B,B,B,B,B,B,D,D,D,D,B,B,D,D,B,B,D,B,B,D,B,B,B,B,B,D,D,B,B,D,D,B,B,B,B,B,B,B,B,B,B,B,B,B,B,B,B,B,B,B,D,B,B,B,B,B,B,B,B,D,B,B,B,B,B,B,D,D,D,B,D,B,B,B,B,B
BXD88,H,H,D,D,D,D,D,D,B,D,B,H,D,H,B,B,H,D,B,D,B,B,D,D,D,D,D,D,D,D,D,D,D,D,D,D,B,D,B,B,D,D,B,B,D,D,B,B,D,D,D,B,B,D,D,B,B,D,D,D,D,D,D,D,D,D,D,D,D,D,D,B,B,H,H,H,B,B,H,D,B,B,B,B,B,B,B,D,B,B,D,D,B,B,B,D,B,B,B,D,D,D
BXD89,B,B,D,D,D,D,D,D,D,D,B,B,B,B,H,H,B,B,B,D,B,B,D,D,D,D,D,D,B,B,D,B,B,B,B,B,D,D,D,D,B,B,H,D,D,B,D,D,D,D,D,H,B,D,D,D,D,D,B,B,B,D,D,D,D,D,D,D,D,D,D,D,D,D,D,D,D,D,D,B,B,B,B,D,D,D,B,B,B,B,H,H,B,B,B,D,B,B,B,H,H,H
BXD90,D,D,D,D,D,D,D,D,D,D,B,D,D,D,B,B,D,D,D,D,D,D,D,D,D,D,D,D,B,B,D,B,B,B,B,B,D,D,B,B,B,B,B,D,D,B,D,D,D,D,D,B,B,D,D,B,B,B,B,B,B,D,B,D,D,D,D,B,B,B,D,B,B,D,D,D,B,B,D,B,D,D,D,B,B,B,D,B,B,B,D,D,B,B,B,B,B,B,D,D,D,D
BXD91,D,D,D,D,D,D,D,B,B,D,B,D,D,D,B,B,B,B,B,D,B,B,B,B,B,B,B,B,B,B,B,B,B,B,B,B,B,D,B,B,B,B,B,B,B,B,D,D,B,B,D,B,B,B,D,B,B,B,B,B,B,D,B,D,D,D,D,B,B,B,D,D,D,D,D,D,B,D,B,D,B,B,B,D,D,B,B,D,B,B,D,D,B,B,B,D,B,B,B,D,D,D
BXD92,D,D,D,D,D,D,D,D,D,D,D,D,D,D,D,D,D,D,D,D,D,D,D,D,D,D,D,D,D,D,D,D,D,D,D,D,D,D,D,D,D,D,D,D,D,D,D,D,D,D,D,D,D,D,D,D,D,B,D,D,D,D,B,D,D,D,D,B,B,B,D,B,B,D,D,D,D,B,D,D,B,B,B,B,B,D,B,D,B,B,D,D,B,B,B,D,B,B,B,D,D,D
BXD93,D,D,B,D,B,B,B,B,B,D,H,D,D,D,H,H,D,D,D,B,D,D,B,B,B,H,H,H,D,D,H,D,H,H,B,B,B,D,D,D,D,D,H,B,B,H,B,B,B,H,D,H,H,B,D,D,D,D,D,D,D,D,D,B,B,B,D,D,D,D,B,D,D,D,D,D,D,D,D,B,B,B,B,D,D,D,B,B,D,D,B,B,B,B,B,D,B,B,B,B,B,B
BXD94,B,B,B,B,B,B,B,D,D,D,B,B,B,B,B,B,D,D,D,D,D,D,D,D,D,B,B,D,B,B,B,B,D,D,D,D,D,D,B,B,B,B,B,D,D,D,D,D,D,D,D,B,B,D,D,B,B,B,B,B,B,D,B,D,D,D,D,B,B,B,D,B,B,D,D,D,B,B,B,B,B,B,B,B,B,B,B,B,H,H,B,B,B,D,B,B,D,D,B,B,B,B
BXD95,H,H,H,H,H,H,H,D,B,D,D,H,H,H,D,D,H,H,H,B,H,H,D,D,D,B,B,B,D,D,B,D,H,H,H,H,B,D,B,B,D,D,B,B,D,H,B,B,D,H,D,D,D,D,D,B,B,B,D,D,D,D,B,B,B,H,B,B,B,B,B,B,B,B,B,B,B,B,B,D,H,H,H,B,B,B,H,D,B,B,D,D,D,D,D,D,D,B,H,D,D,D
BXD96,B,B,D,D,D,D,D,D,B,B,B,B,B,B,B,B,D,D,D,B,D,D,D,D,D,B,B,B,D,D,B,D,D,D,D,D,B,B,B,B,D,D,B,B,D,D,B,B,D,B,B,B,B,D,B,B,B,B,D,D,D,B,B,D,D,D,D,B,B,B,D,B,B,D,D,D,B,B,D,B,B,B,B,B,B,B,B,B,D,D,B,B,D,D,D,B,D,D,B,B,B,B
BXD97,B,B,B,B,B,B,B,D,B,D,B,B,B,B,B,B,B,B,B,B,B,B,D,D,D,D,D,D,B,B,D,B,B,B,B,B,B,D,B,B,B,B,B,B,D,B,B,B,D,D,D,B,B,D,D,B,B,D,B,B,B,D,D,B,B,B,B,D,D,D,B,B,B,D,D,D,B,B,D,H,D,D,D,B,B,B,D,H,B,B,B,B,B,B,B,H,B,D,D,B,B,B
BXD98,D,D,B,B,B,B,B,D,B,D,D,D,D,D,D,D,D,D,D,B,D,D,D,D,D,B,B,B,D,D,B,D,D,D,D,D,B,D,B,B,D,D,D,B,D,D,D,D,D,B,D,D,D,D,D,B,B,B,D,D,D,D,B,D,D,D,D,B,B,B,D,B,B,D,B,D,B,B,B,D,B,B,B,B,B,B,B,D,D,D,B,B,D,D,D,D,D,B,B,B,B,H
BXD99,H,H,D,D,D,D,D,D,B,D,D,H,H,H,D,D,B,B,B,B,B,B,D,D,D,B,B,B,D,D,B,D,B,B,B,B,B,D,D,D,D,D,D,B,D,B,B,B,D,B,D,D,D,D,D,D,D,D,D,D,D,D,D,B,B,B,B,D,D,D,B,B,B,D,D,D,D,B,D,B,D,D,D,B,B,D,D,B,B,B,B,B,D,D,D,D,D,B,D,B,B,B
BXD100,D,D,D,D,D,D,D,D,H,D,B,D,D,D,B,B,B,B,B,H,H,H,D,D,D,D,D,D,H,H,D,H,D,D,D,D,H,D,B,B,H,H,B,H,D,D,H,H,D,D,D,B,B,D,D,B,B,B,H,H,H,D,B,D,D,D,D,B,B,B,D,D,D,D,D,D,B,B,D,B,B,B,B,B,B,B,B,B,B,B,D,D,D,D,D,B,D,B,B,D,D,D
BXD101,U,U,U,U,U,U,U,U,U,U,U,U,U,U,U,U,U,U,U,U,U,U,U,U,U,U,U,U,U,U,U,U,U,U,U,U,U,U,U,U,U,U,U,U,U,U,U,U,U,U,U,U,U,U,U,U,U,U,U,U,U,U,U,U,U,U,U,U,U,U,U,U,U,U,U,U,U,U,U,U,U,U,U,U,U,U,U,U,U,U,U,U,U,U,U,U,U,U,U,U,U,U
BXD102,U,U,U,U,U,U,U,U,U,U,U,U,U,U,U,U,U,U,U,U,U,U,U,U,U,U,U,U,U,U,U,U,U,U,U,U,U,U,U,U,U,U,U,U,U,U,U,U,U,U,U,U,U,U,U,U,U,U,U,U,U,U,U,U,U,U,U,U,U,U,U,U,U,U,U,U,U,U,U,U,U,U,U,U,U,U,U,U,U,U,U,U,U,U,U,U,U,U,U,U,U,U
BXD103,U,U,U,U,U,U,U,U,U,U,U,U,U,U,U,U,U,U,U,U,U,U,U,U,U,U,U,U,U,U,U,U,U,U,U,U,U,U,U,U,U,U,U,U,U,U,U,U,U,U,U,U,U,U,U,U,U,U,U,U,U,U,U,U,U,U,U,U,U,U,U,U,U,U,U,U,U,U,U,U,U,U,U,U,U,U,U,U,U,U,U,U,U,U,U,U,U,U,U,U,U,U
